study_id,prompt,ground_truth,generated_report
1640,"You are a board-certified radiologist.

You are given a structured context for a chest X-ray:
You are a radiology report generator. Produce a factual, structured chest X-ray report using the following multimodal evidence:

### 1. Image-derived alignment concepts:
airspace opacity, pleural thickening, ground glass opacity, focal opacity, linear atelectasis pattern, clear lung fields, right lower zone opacity, diffuse increased density

### 2. GNN disease priors (top predictions):
None

### 3. Knowledge-graph reasoning evidence:
None

### 4. Anatomical context extracted from KG:
None

### TASK:
Generate a complete, clinically accurate radiology report with the following sections:
- Findings
- Impression

Use the evidence above to avoid hallucinations and ensure factual consistency.

TASK:
- Generate a complete, clinically coherent radiology REPORT.
- Include two sections with headings: ""Findings:"" and ""Impression:"".
- Be factual and conservative; rely ONLY on the evidence given above.
- Explicitly mention: heart size, lungs, pleura (effusion/pneumothorax), and bones/other findings.
- Avoid hallucinating new diseases not supported by the evidence.

Return ONLY the report text.","The heart is normal in size. The mediastinum is unremarkable. Small nodule in the right upper lung is stable. The lungs are otherwise clear. Small right upper lobe nodule, stable. Otherwise, no acute disease.","**Findings:**  
The chest X-ray demonstrates clear lung fields with no evidence of significant pleural effusion or pneumothorax. There is a noted right lower zone opacity, which may represent focal opacity. Additionally, there is evidence of linear atelectasis pattern in the lung fields. No airspace opacity or ground glass opacity is observed. The heart size appears within normal limits, and there are no significant bony abnormalities noted.

**Impression:**  
The findings suggest a right lower zone opacity, potentially indicative of focal pathology, alongside linear atelectasis. There are no signs of pleural effusion or pneumothorax. The heart size is normal, and the overall lung fields are clear. Further clinical correlation may be warranted to determine the significance of the right lower zone opacity."
1696,"You are a board-certified radiologist.

You are given a structured context for a chest X-ray:
You are a radiology report generator. Produce a factual, structured chest X-ray report using the following multimodal evidence:

### 1. Image-derived alignment concepts:
airspace opacity, linear atelectasis pattern, pleural thickening, focal opacity, clear lung fields, ground glass opacity, right lower zone opacity, prominent pulmonary vasculature

### 2. GNN disease priors (top predictions):
None

### 3. Knowledge-graph reasoning evidence:
None

### 4. Anatomical context extracted from KG:
None

### TASK:
Generate a complete, clinically accurate radiology report with the following sections:
- Findings
- Impression

Use the evidence above to avoid hallucinations and ensure factual consistency.

TASK:
- Generate a complete, clinically coherent radiology REPORT.
- Include two sections with headings: ""Findings:"" and ""Impression:"".
- Be factual and conservative; rely ONLY on the evidence given above.
- Explicitly mention: heart size, lungs, pleura (effusion/pneumothorax), and bones/other findings.
- Avoid hallucinating new diseases not supported by the evidence.

Return ONLY the report text.","The heart is normal in size and contour. The lungs are clear, without evidence of infiltrate. There is no pneumothorax or effusion. No acute cardiopulmonary disease.","**Findings:**  
The chest X-ray demonstrates clear lung fields with no evidence of significant effusion or pneumothorax. There is a notable right lower zone opacity, which may represent an area of airspace opacity. Additionally, a linear atelectasis pattern is observed, suggesting possible partial lung collapse. Pleural thickening is present, which may indicate chronic changes. The pulmonary vasculature appears prominent, but there are no signs of acute cardiopulmonary distress. The heart size is within normal limits. No bony abnormalities are noted.

**Impression:**  
The findings suggest the presence of a right lower zone opacity, likely due to airspace opacity, accompanied by linear atelectasis and pleural thickening. The prominent pulmonary vasculature is noted, but the heart size remains normal. There are no acute processes identified in the lungs or pleura. Further clinical correlation may be warranted to evaluate the significance of the right lower zone opacity and pleural thickening."
3858,"You are a board-certified radiologist.

You are given a structured context for a chest X-ray:
You are a radiology report generator. Produce a factual, structured chest X-ray report using the following multimodal evidence:

### 1. Image-derived alignment concepts:
airspace opacity, linear atelectasis pattern, pleural thickening, clear lung fields, left perihilar opacity, healed rib deformity, prominent pulmonary vasculature, peribronchial thickening

### 2. GNN disease priors (top predictions):
None

### 3. Knowledge-graph reasoning evidence:
None

### 4. Anatomical context extracted from KG:
None

### TASK:
Generate a complete, clinically accurate radiology report with the following sections:
- Findings
- Impression

Use the evidence above to avoid hallucinations and ensure factual consistency.

TASK:
- Generate a complete, clinically coherent radiology REPORT.
- Include two sections with headings: ""Findings:"" and ""Impression:"".
- Be factual and conservative; rely ONLY on the evidence given above.
- Explicitly mention: heart size, lungs, pleura (effusion/pneumothorax), and bones/other findings.
- Avoid hallucinating new diseases not supported by the evidence.

Return ONLY the report text.",3 images. Heart size is normal. There is mild tortuosity of the thoracic aorta. There are costochondral calcifications. The lungs are clear of focal infiltrate. No pleural effusion or pneumothorax. Old left clavicle fracture noted. No acute abnormality identified.,"**Findings:**  
The chest X-ray demonstrates clear lung fields bilaterally with no evidence of effusion or pneumothorax. There is a notable left perihilar opacity, which may suggest localized airspace opacity. Additionally, a linear atelectasis pattern is observed. Prominent pulmonary vasculature is present, and there is evidence of peribronchial thickening. The pleura shows thickening, but no significant effusion is noted. There is a healed rib deformity visible in the bony structures. The heart size appears within normal limits.

**Impression:**  
The findings are suggestive of a left perihilar opacity likely related to airspace opacity, with associated linear atelectasis and peribronchial thickening. The prominent pulmonary vasculature may indicate increased blood flow or congestion. Pleural thickening is noted without significant effusion. The healed rib deformity is a chronic finding. Overall, there are no acute abnormalities identified in the heart or lungs."
3233,"You are a board-certified radiologist.

You are given a structured context for a chest X-ray:
You are a radiology report generator. Produce a factual, structured chest X-ray report using the following multimodal evidence:

### 1. Image-derived alignment concepts:
airspace opacity, pleural thickening, prominent pulmonary vasculature, clear lung fields, peribronchial thickening, focal opacity, diffuse increased density, left perihilar opacity

### 2. GNN disease priors (top predictions):
None

### 3. Knowledge-graph reasoning evidence:
None

### 4. Anatomical context extracted from KG:
None

### TASK:
Generate a complete, clinically accurate radiology report with the following sections:
- Findings
- Impression

Use the evidence above to avoid hallucinations and ensure factual consistency.

TASK:
- Generate a complete, clinically coherent radiology REPORT.
- Include two sections with headings: ""Findings:"" and ""Impression:"".
- Be factual and conservative; rely ONLY on the evidence given above.
- Explicitly mention: heart size, lungs, pleura (effusion/pneumothorax), and bones/other findings.
- Avoid hallucinating new diseases not supported by the evidence.

Return ONLY the report text.","The cardiomediastinal silhouette and pulmonary vasculature are within normal limits in size. The lungs are mildly hyperinflated with flattening of the hemidiaphragms. Coarsened interstitial testes appear chronic and compatible with emphysema. There is minimal XXXX scarring or atelectasis in the left lung base. The lungs are otherwise clear of focal infiltrate, pneumothorax, or pleural effusion. There are no acute bony findings. Chronic changes of emphysema. No acute findings. .","**Findings:**  
The chest X-ray demonstrates clear lung fields with no evidence of effusion or pneumothorax. There is notable airspace opacity in the left perihilar region, accompanied by peribronchial thickening. The pulmonary vasculature appears prominent, and there is no significant focal opacity or diffuse increased density observed. The heart size is within normal limits, and the bony structures are unremarkable with no acute osseous abnormalities noted.

**Impression:**  
The findings suggest the presence of left perihilar opacity likely related to airspace disease, with associated peribronchial thickening. The prominent pulmonary vasculature may indicate increased blood flow or congestion. No acute cardiopulmonary processes are identified, and the heart size is normal. Further clinical correlation may be warranted to determine the underlying cause of the left perihilar opacity."
1603,"You are a board-certified radiologist.

You are given a structured context for a chest X-ray:
You are a radiology report generator. Produce a factual, structured chest X-ray report using the following multimodal evidence:

### 1. Image-derived alignment concepts:
prominent pulmonary vasculature, focal opacity, left perihilar opacity, airspace opacity, pleural thickening, linear atelectasis pattern, right lower zone opacity, peribronchial thickening

### 2. GNN disease priors (top predictions):
None

### 3. Knowledge-graph reasoning evidence:
None

### 4. Anatomical context extracted from KG:
None

### TASK:
Generate a complete, clinically accurate radiology report with the following sections:
- Findings
- Impression

Use the evidence above to avoid hallucinations and ensure factual consistency.

TASK:
- Generate a complete, clinically coherent radiology REPORT.
- Include two sections with headings: ""Findings:"" and ""Impression:"".
- Be factual and conservative; rely ONLY on the evidence given above.
- Explicitly mention: heart size, lungs, pleura (effusion/pneumothorax), and bones/other findings.
- Avoid hallucinating new diseases not supported by the evidence.

Return ONLY the report text.","Heart size normal. Lungs are clear. XXXX are normal. No pneumonia, effusions, edema, pneumothorax, adenopathy, nodules or masses. Normal chest No evidence of tuberculosis","**Findings:**  
The heart size is within normal limits. The lungs demonstrate prominent pulmonary vasculature. There is a focal opacity noted in the left perihilar region, accompanied by airspace opacity. Additionally, there is evidence of pleural thickening and a linear atelectasis pattern observed. The right lower zone shows opacity, and peribronchial thickening is also present. No pleural effusion or pneumothorax is identified. The bony structures appear unremarkable.

**Impression:**  
The findings suggest possible pulmonary pathology, including left perihilar opacity and associated airspace opacity, which may indicate an infectious or inflammatory process. The presence of pleural thickening and linear atelectasis may suggest chronic changes. Further clinical correlation and possibly additional imaging may be warranted to determine the underlying cause of these findings."
2783,"You are a board-certified radiologist.

You are given a structured context for a chest X-ray:
You are a radiology report generator. Produce a factual, structured chest X-ray report using the following multimodal evidence:

### 1. Image-derived alignment concepts:
prominent pulmonary vasculature, airspace opacity, focal opacity, linear atelectasis pattern, left perihilar opacity, pleural thickening, enlarged cardiac silhouette, clear lung fields

### 2. GNN disease priors (top predictions):
None

### 3. Knowledge-graph reasoning evidence:
None

### 4. Anatomical context extracted from KG:
None

### TASK:
Generate a complete, clinically accurate radiology report with the following sections:
- Findings
- Impression

Use the evidence above to avoid hallucinations and ensure factual consistency.

TASK:
- Generate a complete, clinically coherent radiology REPORT.
- Include two sections with headings: ""Findings:"" and ""Impression:"".
- Be factual and conservative; rely ONLY on the evidence given above.
- Explicitly mention: heart size, lungs, pleura (effusion/pneumothorax), and bones/other findings.
- Avoid hallucinating new diseases not supported by the evidence.

Return ONLY the report text.",No interval change is found in the bony thorax. The heart size remains normal with an ectatic tortuous aorta. The pulmonary vasculature is not engorged. Lungs are free of infiltrate and there is no pleural effusion. The fullness to the right hilum is again noted but this is unchanged suggesting no progression of the retrohilar nodule XXXX on the CT scan. No XXXX pulmonary nodule is found. Stable chest radiograph with no acute or progressive abnormality. There is no suggestion of enlargement of the known right retrohilar pulmonary nodule or XXXX pulmonary nodularity.,"**Findings:**  
The chest X-ray demonstrates prominent pulmonary vasculature. There is evidence of airspace opacity and a focal opacity noted in the left perihilar region. A linear atelectasis pattern is observed, along with pleural thickening. The cardiac silhouette appears enlarged. The lung fields are otherwise clear, with no signs of effusion or pneumothorax. No significant abnormalities are noted in the bones or other structures.

**Impression:**  
The findings suggest possible left-sided pulmonary pathology, given the focal opacity and linear atelectasis pattern. The enlarged cardiac silhouette may indicate cardiomegaly. Overall, the lungs are clear aside from the noted opacities, and there is no evidence of pleural effusion or pneumothorax. Further clinical correlation and possible follow-up imaging may be warranted to evaluate the left perihilar opacity and its clinical significance."
2538,"You are a board-certified radiologist.

You are given a structured context for a chest X-ray:
You are a radiology report generator. Produce a factual, structured chest X-ray report using the following multimodal evidence:

### 1. Image-derived alignment concepts:
prominent pulmonary vasculature, left perihilar opacity, airspace opacity, clear lung fields, linear atelectasis pattern, peribronchial thickening, pleural thickening, focal opacity

### 2. GNN disease priors (top predictions):
None

### 3. Knowledge-graph reasoning evidence:
None

### 4. Anatomical context extracted from KG:
None

### TASK:
Generate a complete, clinically accurate radiology report with the following sections:
- Findings
- Impression

Use the evidence above to avoid hallucinations and ensure factual consistency.

TASK:
- Generate a complete, clinically coherent radiology REPORT.
- Include two sections with headings: ""Findings:"" and ""Impression:"".
- Be factual and conservative; rely ONLY on the evidence given above.
- Explicitly mention: heart size, lungs, pleura (effusion/pneumothorax), and bones/other findings.
- Avoid hallucinating new diseases not supported by the evidence.

Return ONLY the report text.",Normal heart size and mediastinal contours. No abnormal airspace opacities or large cavitary lung lesions. Visualized osseous structures are unremarkable in appearance. No radiographic evidence of tuberculosis.,"**Findings:**  
The heart size is within normal limits. The lungs demonstrate prominent pulmonary vasculature with clear lung fields overall. There is a left perihilar opacity noted, which may represent an area of airspace opacity. Additionally, there is evidence of linear atelectasis pattern and peribronchial thickening. Pleural thickening is also observed, but there is no evidence of pleural effusion or pneumothorax. The bony structures appear unremarkable with no acute osseous abnormalities identified.

**Impression:**  
The chest X-ray shows prominent pulmonary vasculature and a left perihilar opacity, suggestive of possible airspace involvement. The presence of linear atelectasis and peribronchial thickening may indicate underlying bronchial inflammation or obstruction. Pleural thickening is noted without associated effusion or pneumothorax. Overall, the findings are nonspecific and may warrant further clinical correlation and potential follow-up imaging."
786,"You are a board-certified radiologist.

You are given a structured context for a chest X-ray:
You are a radiology report generator. Produce a factual, structured chest X-ray report using the following multimodal evidence:

### 1. Image-derived alignment concepts:
clear lung fields, left perihilar opacity, ground glass opacity, diffuse increased density, linear atelectasis pattern, prominent pulmonary vasculature, right lower zone opacity, airspace opacity

### 2. GNN disease priors (top predictions):
None

### 3. Knowledge-graph reasoning evidence:
None

### 4. Anatomical context extracted from KG:
None

### TASK:
Generate a complete, clinically accurate radiology report with the following sections:
- Findings
- Impression

Use the evidence above to avoid hallucinations and ensure factual consistency.

TASK:
- Generate a complete, clinically coherent radiology REPORT.
- Include two sections with headings: ""Findings:"" and ""Impression:"".
- Be factual and conservative; rely ONLY on the evidence given above.
- Explicitly mention: heart size, lungs, pleura (effusion/pneumothorax), and bones/other findings.
- Avoid hallucinating new diseases not supported by the evidence.

Return ONLY the report text.","Small calcified granulomas in in right upper lobe and left lower lobe. No suspicious appearing lung nodules seen. No acute airspace disease, effusions, or CHF.","**Findings:**  
The chest X-ray demonstrates clear lung fields bilaterally with the exception of a left perihilar opacity noted. There is evidence of ground glass opacity present, along with a diffuse increased density throughout the lung fields. A linear atelectasis pattern is observed, particularly in the right lower zone, which also shows an airspace opacity. The pulmonary vasculature appears prominent. The heart size is within normal limits. No pleural effusion or pneumothorax is identified. The bony structures are unremarkable with no acute osseous abnormalities noted.

**Impression:**  
The findings suggest the presence of a left perihilar opacity with associated ground glass opacity and linear atelectasis in the right lower zone. The prominent pulmonary vasculature may indicate increased blood flow or congestion. Overall, the findings are nonspecific and could represent a variety of processes, including infection or inflammatory changes. Clinical correlation is recommended for further evaluation."
1544,"You are a board-certified radiologist.

You are given a structured context for a chest X-ray:
You are a radiology report generator. Produce a factual, structured chest X-ray report using the following multimodal evidence:

### 1. Image-derived alignment concepts:
prominent pulmonary vasculature, left perihilar opacity, clear lung fields, airspace opacity, focal opacity, peribronchial thickening, linear atelectasis pattern, right lower zone opacity

### 2. GNN disease priors (top predictions):
None

### 3. Knowledge-graph reasoning evidence:
None

### 4. Anatomical context extracted from KG:
None

### TASK:
Generate a complete, clinically accurate radiology report with the following sections:
- Findings
- Impression

Use the evidence above to avoid hallucinations and ensure factual consistency.

TASK:
- Generate a complete, clinically coherent radiology REPORT.
- Include two sections with headings: ""Findings:"" and ""Impression:"".
- Be factual and conservative; rely ONLY on the evidence given above.
- Explicitly mention: heart size, lungs, pleura (effusion/pneumothorax), and bones/other findings.
- Avoid hallucinating new diseases not supported by the evidence.

Return ONLY the report text.",Normal heart. Clear lungs. No pneumothorax. No pleural effusion. No acute cardiopulmonary abnormality.,"**Findings:**  
The heart size is within normal limits. The lungs demonstrate prominent pulmonary vasculature with clear lung fields overall. There is a left perihilar opacity noted, along with airspace opacity and focal opacity in the right lower zone. Additionally, there is evidence of peribronchial thickening and a linear atelectasis pattern. The pleura appears normal with no signs of effusion or pneumothorax. The bony structures are unremarkable with no acute osseous abnormalities identified.

**Impression:**  
The findings suggest possible left perihilar pathology, which may warrant further clinical correlation. The presence of airspace opacity and focal opacity in the right lower zone could indicate an infectious or inflammatory process. The linear atelectasis pattern and peribronchial thickening may also suggest underlying bronchial irritation or obstruction. No acute cardiopulmonary abnormalities are noted. Further evaluation may be necessary based on clinical context."
185,"You are a board-certified radiologist.

You are given a structured context for a chest X-ray:
You are a radiology report generator. Produce a factual, structured chest X-ray report using the following multimodal evidence:

### 1. Image-derived alignment concepts:
airspace opacity, focal opacity, left perihilar opacity, pleural thickening, prominent pulmonary vasculature, clear lung fields, peribronchial thickening, ground glass opacity

### 2. GNN disease priors (top predictions):
None

### 3. Knowledge-graph reasoning evidence:
None

### 4. Anatomical context extracted from KG:
None

### TASK:
Generate a complete, clinically accurate radiology report with the following sections:
- Findings
- Impression

Use the evidence above to avoid hallucinations and ensure factual consistency.

TASK:
- Generate a complete, clinically coherent radiology REPORT.
- Include two sections with headings: ""Findings:"" and ""Impression:"".
- Be factual and conservative; rely ONLY on the evidence given above.
- Explicitly mention: heart size, lungs, pleura (effusion/pneumothorax), and bones/other findings.
- Avoid hallucinating new diseases not supported by the evidence.

Return ONLY the report text.",The heart is normal in size. The mediastinum is stable. Lungs are mildly hypoinflated. Increased XXXX opacities on lateral projection XXXX reflect bronchovascular crowding. There is no acute infiltrate or pleural effusion. No acute disease.,"**Findings:**  
The chest X-ray demonstrates clear lung fields bilaterally with no evidence of significant airspace opacity or focal opacity. There is a noted left perihilar opacity, which may suggest localized pathology in that region. Additionally, there is pleural thickening observed, but no pleural effusion or pneumothorax is present. The pulmonary vasculature appears prominent, which may indicate increased blood flow or vascular congestion. There is no evidence of peribronchial thickening or ground glass opacity. The heart size is within normal limits, and the bony structures appear intact without any acute abnormalities.

**Impression:**  
The chest X-ray shows a left perihilar opacity and pleural thickening, with prominent pulmonary vasculature. No acute cardiopulmonary abnormalities are identified, and the heart size is normal. Further clinical correlation may be warranted to evaluate the significance of the left perihilar opacity and pleural thickening."
2614,"You are a board-certified radiologist.

You are given a structured context for a chest X-ray:
You are a radiology report generator. Produce a factual, structured chest X-ray report using the following multimodal evidence:

### 1. Image-derived alignment concepts:
enlarged cardiac silhouette, prominent pulmonary vasculature, airspace opacity, linear atelectasis pattern, left perihilar opacity, focal opacity, pleural thickening, retrocardiac opacity

### 2. GNN disease priors (top predictions):
None

### 3. Knowledge-graph reasoning evidence:
None

### 4. Anatomical context extracted from KG:
None

### TASK:
Generate a complete, clinically accurate radiology report with the following sections:
- Findings
- Impression

Use the evidence above to avoid hallucinations and ensure factual consistency.

TASK:
- Generate a complete, clinically coherent radiology REPORT.
- Include two sections with headings: ""Findings:"" and ""Impression:"".
- Be factual and conservative; rely ONLY on the evidence given above.
- Explicitly mention: heart size, lungs, pleura (effusion/pneumothorax), and bones/other findings.
- Avoid hallucinating new diseases not supported by the evidence.

Return ONLY the report text.","The heart size is within normal limits. Prominent right paratracheal soft tissues XXXX representing adenopathy. No focal airspace consolidation, pleural effusions or pneumothorax. No acute bony abnormalities. 1. Clear lungs. 2. Prominent right paratracheal opacities XXXX representing adenopathy.","**Findings:**  
The cardiac silhouette is enlarged, suggesting cardiomegaly. The pulmonary vasculature is prominent, indicating possible increased blood flow or congestion. There are areas of airspace opacity noted, which may represent consolidation or other forms of pulmonary pathology. A linear atelectasis pattern is observed, likely indicating areas of lung collapse. There is a left perihilar opacity that may represent a mass or other pathology in the left lung region. Additionally, a focal opacity is present, which requires further evaluation to determine its etiology. Pleural thickening is noted, but there is no evidence of pleural effusion or pneumothorax. The retrocardiac region shows opacity, which may suggest underlying pathology in the posterior aspect of the thoracic cavity. No significant bony abnormalities are identified.

**Impression:**  
1. Enlarged cardiac silhouette consistent with cardiomegaly.  
2. Prominent pulmonary vasculature, suggestive of possible congestion.  
3. Airspace opacity and linear atelectasis pattern indicating potential pulmonary pathology.  
4. Left perihilar opacity and focal opacity warrant further investigation.  
5. Pleural thickening noted without evidence of effusion or pneumothorax.  
6. Retrocardiac opacity may require additional imaging for clarification."
3399,"You are a board-certified radiologist.

You are given a structured context for a chest X-ray:
You are a radiology report generator. Produce a factual, structured chest X-ray report using the following multimodal evidence:

### 1. Image-derived alignment concepts:
aortic calcification, prominent pulmonary vasculature, focal opacity, airspace opacity, pleural thickening, retrocardiac opacity, linear atelectasis pattern, healed rib deformity

### 2. GNN disease priors (top predictions):
None

### 3. Knowledge-graph reasoning evidence:
None

### 4. Anatomical context extracted from KG:
None

### TASK:
Generate a complete, clinically accurate radiology report with the following sections:
- Findings
- Impression

Use the evidence above to avoid hallucinations and ensure factual consistency.

TASK:
- Generate a complete, clinically coherent radiology REPORT.
- Include two sections with headings: ""Findings:"" and ""Impression:"".
- Be factual and conservative; rely ONLY on the evidence given above.
- Explicitly mention: heart size, lungs, pleura (effusion/pneumothorax), and bones/other findings.
- Avoid hallucinating new diseases not supported by the evidence.

Return ONLY the report text.","A strandy infiltrate has developed in the left lower lobe. Right lung is clear. Heart size remains normal. Patchy left lower lobe infiltrate and focal atelectasis, consistent with pneumonitis.","**Findings:**  
The heart size is within normal limits. The lungs demonstrate prominent pulmonary vasculature. There is a focal opacity noted in the right lower lung field, consistent with airspace opacity. Additionally, there is evidence of linear atelectasis pattern in the left lower lobe. Pleural thickening is observed bilaterally, with no significant effusion or pneumothorax identified. A retrocardiac opacity is present, which may represent a vascular structure or adjacent lung pathology. There is also a healed rib deformity noted on the right side.

**Impression:**  
The chest X-ray findings suggest prominent pulmonary vasculature and focal airspace opacity, likely indicating an underlying process such as infection or inflammation. The linear atelectasis pattern may suggest a history of prior lung pathology. The pleural thickening is noted without significant effusion or pneumothorax. The healed rib deformity is a chronic finding. Overall, no acute cardiopulmonary disease is identified. Further clinical correlation may be warranted based on the patient's symptoms and history."
891,"You are a board-certified radiologist.

You are given a structured context for a chest X-ray:
You are a radiology report generator. Produce a factual, structured chest X-ray report using the following multimodal evidence:

### 1. Image-derived alignment concepts:
airspace opacity, clear lung fields, prominent pulmonary vasculature, focal opacity, linear atelectasis pattern, ground glass opacity, left perihilar opacity, pleural thickening

### 2. GNN disease priors (top predictions):
None

### 3. Knowledge-graph reasoning evidence:
None

### 4. Anatomical context extracted from KG:
None

### TASK:
Generate a complete, clinically accurate radiology report with the following sections:
- Findings
- Impression

Use the evidence above to avoid hallucinations and ensure factual consistency.

TASK:
- Generate a complete, clinically coherent radiology REPORT.
- Include two sections with headings: ""Findings:"" and ""Impression:"".
- Be factual and conservative; rely ONLY on the evidence given above.
- Explicitly mention: heart size, lungs, pleura (effusion/pneumothorax), and bones/other findings.
- Avoid hallucinating new diseases not supported by the evidence.

Return ONLY the report text.",The heart size and pulmonary vascularity appear within normal limits. The lungs are free of focal airspace disease. No pleural effusion or pneumothorax is seen. 1. No evidence of active disease.,"**Findings:**  
The heart size is within normal limits. The lungs demonstrate clear lung fields bilaterally, with no evidence of significant airspace opacity. However, there is a noted left perihilar opacity, which may suggest a focal opacity in that region. The pulmonary vasculature appears prominent, but there are no signs of pleural effusion or pneumothorax. Additionally, there is a linear atelectasis pattern observed, which may indicate some degree of lung volume loss. No ground glass opacity is present, and pleural thickening is not identified. The bony structures are unremarkable with no acute osseous abnormalities.

**Impression:**  
The chest X-ray shows clear lung fields with a prominent pulmonary vasculature and a left perihilar opacity. There is a linear atelectasis pattern noted, but no significant airspace opacity, pleural effusion, or pneumothorax is observed. Overall, the findings are suggestive of localized changes without acute disease processes evident on this examination. Further clinical correlation may be warranted based on the left perihilar opacity."
2033,"You are a board-certified radiologist.

You are given a structured context for a chest X-ray:
You are a radiology report generator. Produce a factual, structured chest X-ray report using the following multimodal evidence:

### 1. Image-derived alignment concepts:
airspace opacity, prominent pulmonary vasculature, left perihilar opacity, pleural thickening, focal opacity, ground glass opacity, peribronchial thickening, clear lung fields

### 2. GNN disease priors (top predictions):
None

### 3. Knowledge-graph reasoning evidence:
None

### 4. Anatomical context extracted from KG:
None

### TASK:
Generate a complete, clinically accurate radiology report with the following sections:
- Findings
- Impression

Use the evidence above to avoid hallucinations and ensure factual consistency.

TASK:
- Generate a complete, clinically coherent radiology REPORT.
- Include two sections with headings: ""Findings:"" and ""Impression:"".
- Be factual and conservative; rely ONLY on the evidence given above.
- Explicitly mention: heart size, lungs, pleura (effusion/pneumothorax), and bones/other findings.
- Avoid hallucinating new diseases not supported by the evidence.

Return ONLY the report text.","The cardiac silhouette is near upper limits of normal in size. Pulmonary vasculature is normal in caliber. There is mild tortuosity of the descending thoracic aorta. The lungs are clear of focal airspace disease, pneumothorax, or pleural effusion. There are no acute bony findings. There are mild degenerative endplate changes in the thoracic spine. No acute cardiopulmonary findings.","**Findings:**  
The chest X-ray demonstrates clear lung fields with no evidence of significant consolidation or large areas of opacity. There is a left perihilar opacity noted, which may represent localized airspace opacity. Prominent pulmonary vasculature is observed, suggesting increased vascularity. Additionally, there is evidence of pleural thickening, but no pleural effusion or pneumothorax is identified. The heart size appears within normal limits, and the bony structures are unremarkable with no acute osseous abnormalities detected.

**Impression:**  
The findings are suggestive of localized left perihilar opacity with associated prominent pulmonary vasculature and pleural thickening. No acute cardiopulmonary pathology is evident, and the heart size is normal. Further clinical correlation may be warranted to evaluate the significance of the left perihilar opacity."
830,"You are a board-certified radiologist.

You are given a structured context for a chest X-ray:
You are a radiology report generator. Produce a factual, structured chest X-ray report using the following multimodal evidence:

### 1. Image-derived alignment concepts:
pleural thickening, linear atelectasis pattern, right lower zone opacity, healed rib deformity, airspace opacity, retrocardiac opacity, enlarged cardiac silhouette, clear lung fields

### 2. GNN disease priors (top predictions):
None

### 3. Knowledge-graph reasoning evidence:
None

### 4. Anatomical context extracted from KG:
None

### TASK:
Generate a complete, clinically accurate radiology report with the following sections:
- Findings
- Impression

Use the evidence above to avoid hallucinations and ensure factual consistency.

TASK:
- Generate a complete, clinically coherent radiology REPORT.
- Include two sections with headings: ""Findings:"" and ""Impression:"".
- Be factual and conservative; rely ONLY on the evidence given above.
- Explicitly mention: heart size, lungs, pleura (effusion/pneumothorax), and bones/other findings.
- Avoid hallucinating new diseases not supported by the evidence.

Return ONLY the report text.","Extensive postop changes right upper chest wall. Air collection with air-fluid level is seen in the right medial apical region projecting into the level of thoracic inlet, XXXX within the pleural space. Some mild right pleural thickening versus XXXX effusion. No acute airspace disease. Mediastinal contour stable.","**Findings:**  
The chest X-ray demonstrates an enlarged cardiac silhouette. The lungs appear clear with no evidence of effusion or pneumothorax. There is a notable right lower zone opacity, which may represent airspace opacity. Additionally, there is pleural thickening and a linear atelectasis pattern observed. A retrocardiac opacity is also present. The visualized bony structures show a healed rib deformity.

**Impression:**  
The findings suggest the presence of pleural thickening and linear atelectasis, with a right lower zone opacity that may warrant further evaluation. The enlarged cardiac silhouette is noted, but no acute cardiopulmonary process is evident. The healed rib deformity is a chronic finding. Overall, the lungs are clear, and there is no evidence of effusion or pneumothorax."
2292,"You are a board-certified radiologist.

You are given a structured context for a chest X-ray:
You are a radiology report generator. Produce a factual, structured chest X-ray report using the following multimodal evidence:

### 1. Image-derived alignment concepts:
airspace opacity, left perihilar opacity, focal opacity, linear atelectasis pattern, clear lung fields, pleural thickening, prominent pulmonary vasculature, ground glass opacity

### 2. GNN disease priors (top predictions):
None

### 3. Knowledge-graph reasoning evidence:
None

### 4. Anatomical context extracted from KG:
None

### TASK:
Generate a complete, clinically accurate radiology report with the following sections:
- Findings
- Impression

Use the evidence above to avoid hallucinations and ensure factual consistency.

TASK:
- Generate a complete, clinically coherent radiology REPORT.
- Include two sections with headings: ""Findings:"" and ""Impression:"".
- Be factual and conservative; rely ONLY on the evidence given above.
- Explicitly mention: heart size, lungs, pleura (effusion/pneumothorax), and bones/other findings.
- Avoid hallucinating new diseases not supported by the evidence.

Return ONLY the report text.","Lungs are clear bilaterally. There is no focal consolidation, pleural effusion, or pneumothoraces. Cardiomediastinal silhouette is within normal limits. XXXX are unremarkable. No acute cardiopulmonary abnormality.","**Findings:**  
The chest X-ray demonstrates clear lung fields with no evidence of significant pleural effusion or pneumothorax. There is a left perihilar opacity noted, which may represent focal opacity. Additionally, a linear atelectasis pattern is observed. The pulmonary vasculature appears prominent, and there is no evidence of cardiomegaly; heart size is within normal limits. No bony abnormalities are identified.

**Impression:**  
The findings suggest the presence of a left perihilar opacity with associated linear atelectasis. The prominent pulmonary vasculature may indicate increased blood flow or congestion. Overall, there are no acute processes identified, and the heart size is normal. Further clinical correlation may be warranted to determine the significance of the left perihilar opacity."
3862,"You are a board-certified radiologist.

You are given a structured context for a chest X-ray:
You are a radiology report generator. Produce a factual, structured chest X-ray report using the following multimodal evidence:

### 1. Image-derived alignment concepts:
airspace opacity, left perihilar opacity, retrocardiac opacity, focal opacity, prominent pulmonary vasculature, healed rib deformity, pleural thickening, aortic calcification

### 2. GNN disease priors (top predictions):
None

### 3. Knowledge-graph reasoning evidence:
None

### 4. Anatomical context extracted from KG:
None

### TASK:
Generate a complete, clinically accurate radiology report with the following sections:
- Findings
- Impression

Use the evidence above to avoid hallucinations and ensure factual consistency.

TASK:
- Generate a complete, clinically coherent radiology REPORT.
- Include two sections with headings: ""Findings:"" and ""Impression:"".
- Be factual and conservative; rely ONLY on the evidence given above.
- Explicitly mention: heart size, lungs, pleura (effusion/pneumothorax), and bones/other findings.
- Avoid hallucinating new diseases not supported by the evidence.

Return ONLY the report text.",Clear lungs. Enlarged left ventricle. A tortuous dilated aorta. No pneumonia,"**Findings:**  
The chest X-ray demonstrates the following findings:  
- **Heart Size:** The cardiac silhouette appears within normal limits.  
- **Lungs:** There is notable airspace opacity in the left perihilar region, as well as a focal opacity observed in the retrocardiac area. The pulmonary vasculature is prominent, suggesting increased vascularity.  
- **Pleura:** There is evidence of pleural thickening, but no significant pleural effusion or pneumothorax is identified.  
- **Bones/Other Findings:** A healed rib deformity is noted, and there is a presence of aortic calcification.

**Impression:**  
The chest X-ray shows left perihilar and retrocardiac opacities, with prominent pulmonary vasculature and pleural thickening. The heart size is normal, and there are no signs of acute pathology such as effusion or pneumothorax. The healed rib deformity and aortic calcification are also noted. Further clinical correlation may be warranted based on the patient's symptoms and history."
3046,"You are a board-certified radiologist.

You are given a structured context for a chest X-ray:
You are a radiology report generator. Produce a factual, structured chest X-ray report using the following multimodal evidence:

### 1. Image-derived alignment concepts:
airspace opacity, pleural thickening, linear atelectasis pattern, prominent pulmonary vasculature, focal opacity, clear lung fields, peribronchial thickening, ground glass opacity

### 2. GNN disease priors (top predictions):
None

### 3. Knowledge-graph reasoning evidence:
None

### 4. Anatomical context extracted from KG:
None

### TASK:
Generate a complete, clinically accurate radiology report with the following sections:
- Findings
- Impression

Use the evidence above to avoid hallucinations and ensure factual consistency.

TASK:
- Generate a complete, clinically coherent radiology REPORT.
- Include two sections with headings: ""Findings:"" and ""Impression:"".
- Be factual and conservative; rely ONLY on the evidence given above.
- Explicitly mention: heart size, lungs, pleura (effusion/pneumothorax), and bones/other findings.
- Avoid hallucinating new diseases not supported by the evidence.

Return ONLY the report text.","Redemonstration of azygos lobe. Redemonstrated left perihilar nodular opacity, similar in size from previous examination. Dense appearing, may be granulomatous. The trachea is midline. Negative for pneumothorax, pleural effusion or focal airspace consolidation. The heart size is normal. XXXX. Limited exam, for evaluation of fractures. However, no evidence for displaced rib fracture. 1. Left perihilar nodular opacity redemonstrated, appears dense, may be granulomatous, if desired one may consider CT for further characterization. 2. No acute cardiopulmonary abnormality. Redemonstrated azygos lobe. 3. No fracture visible. If clinical concern persists, consider dedicated rib series.","**Findings:**  
The chest X-ray demonstrates clear lung fields with no evidence of significant airspace opacity or focal opacity. There is a linear atelectasis pattern noted, which may suggest areas of volume loss. The pulmonary vasculature appears prominent, indicating possible increased blood flow or congestion. There is no pleural effusion or pneumothorax observed, and the pleura appears unremarkable with no thickening noted. Additionally, there is no evidence of peribronchial thickening or ground glass opacity. The heart size is within normal limits, and the bony structures of the thorax show no acute abnormalities.

**Impression:**  
The chest X-ray shows clear lung fields with linear atelectasis and prominent pulmonary vasculature. No acute cardiopulmonary pathology is identified, and the heart size is normal. There are no signs of pleural effusion or pneumothorax. Overall, the findings are suggestive of mild atelectasis without significant acute disease."
2013,"You are a board-certified radiologist.

You are given a structured context for a chest X-ray:
You are a radiology report generator. Produce a factual, structured chest X-ray report using the following multimodal evidence:

### 1. Image-derived alignment concepts:
airspace opacity, pleural thickening, peribronchial thickening, prominent pulmonary vasculature, left perihilar opacity, enlarged cardiac silhouette, clear lung fields, linear atelectasis pattern

### 2. GNN disease priors (top predictions):
None

### 3. Knowledge-graph reasoning evidence:
None

### 4. Anatomical context extracted from KG:
None

### TASK:
Generate a complete, clinically accurate radiology report with the following sections:
- Findings
- Impression

Use the evidence above to avoid hallucinations and ensure factual consistency.

TASK:
- Generate a complete, clinically coherent radiology REPORT.
- Include two sections with headings: ""Findings:"" and ""Impression:"".
- Be factual and conservative; rely ONLY on the evidence given above.
- Explicitly mention: heart size, lungs, pleura (effusion/pneumothorax), and bones/other findings.
- Avoid hallucinating new diseases not supported by the evidence.

Return ONLY the report text.",Heart size within normal limits. Mild XXXX left upper lobe atelectasis or scarring. No pneumothorax or pleural effusion. Tortuous aorta. Hiatal hernia. No acute cardiopulmonary findings.,"**Findings:**  
The chest X-ray demonstrates the following findings:  
- The cardiac silhouette is enlarged.  
- The lungs appear clear with no evidence of effusion or pneumothorax.  
- There is evidence of airspace opacity in the left perihilar region.  
- Prominent pulmonary vasculature is noted.  
- There is peribronchial thickening observed.  
- Linear atelectasis patterns are present.  
- Pleural thickening is noted, but no significant pleural effusion is identified.  
- The bony structures are unremarkable with no acute osseous abnormalities.

**Impression:**  
The chest X-ray shows an enlarged cardiac silhouette with clear lung fields, although there is a left perihilar opacity and signs of peribronchial thickening. Prominent pulmonary vasculature and linear atelectasis patterns are also present. Pleural thickening is noted without significant effusion or pneumothorax. These findings may suggest underlying pulmonary pathology, warranting further clinical correlation and possible follow-up imaging."
2271,"You are a board-certified radiologist.

You are given a structured context for a chest X-ray:
You are a radiology report generator. Produce a factual, structured chest X-ray report using the following multimodal evidence:

### 1. Image-derived alignment concepts:
left perihilar opacity, right lower zone opacity, airspace opacity, clear lung fields, enlarged cardiac silhouette, retrocardiac opacity, normal mediastinal contours, prominent pulmonary vasculature

### 2. GNN disease priors (top predictions):
None

### 3. Knowledge-graph reasoning evidence:
None

### 4. Anatomical context extracted from KG:
None

### TASK:
Generate a complete, clinically accurate radiology report with the following sections:
- Findings
- Impression

Use the evidence above to avoid hallucinations and ensure factual consistency.

TASK:
- Generate a complete, clinically coherent radiology REPORT.
- Include two sections with headings: ""Findings:"" and ""Impression:"".
- Be factual and conservative; rely ONLY on the evidence given above.
- Explicitly mention: heart size, lungs, pleura (effusion/pneumothorax), and bones/other findings.
- Avoid hallucinating new diseases not supported by the evidence.

Return ONLY the report text.","Again observed is a curvilinear density in the right midlung zone which may represent some pulmonary scarring or thickening of the right XXXX fissure. There is minimal blunting of the right posterior costophrenic XXXX, consistent with a small effusion and/or pleural scarring. The lung parenchyma is otherwise clear. There is mild cardiomegaly. There are degenerative changes and a mild dextroscoliosis in the thoracic spine. 1. Minimal XXXX atelectasis in the right midlung zone versus pleural scarring in the right XXXX fissure. 2. Minimal blunting of the posterior right costophrenic XXXX, consistent with a small pleural effusion and/or pleural scarring. 3. Cardiomegaly. 4. No XXXX abnormalities as compared to prior study of earlier the same XXXX","**Findings:**  
The chest X-ray demonstrates a left perihilar opacity and an opacity in the right lower zone, both suggestive of airspace disease. The lung fields are otherwise clear, with no evidence of pleural effusion or pneumothorax noted. The cardiac silhouette appears enlarged. There is also a retrocardiac opacity present. The mediastinal contours are normal, and the pulmonary vasculature is prominent.

**Impression:**  
The findings are consistent with possible airspace disease in the left perihilar region and right lower zone. The enlarged cardiac silhouette may suggest cardiomegaly. No acute pleural effusion or pneumothorax is observed. Further clinical correlation and possible follow-up imaging may be warranted to evaluate the identified opacities."
372,"You are a board-certified radiologist.

You are given a structured context for a chest X-ray:
You are a radiology report generator. Produce a factual, structured chest X-ray report using the following multimodal evidence:

### 1. Image-derived alignment concepts:
airspace opacity, linear atelectasis pattern, focal opacity, healed rib deformity, right lower zone opacity, diffuse increased density, clear lung fields, ground glass opacity

### 2. GNN disease priors (top predictions):
None

### 3. Knowledge-graph reasoning evidence:
None

### 4. Anatomical context extracted from KG:
None

### TASK:
Generate a complete, clinically accurate radiology report with the following sections:
- Findings
- Impression

Use the evidence above to avoid hallucinations and ensure factual consistency.

TASK:
- Generate a complete, clinically coherent radiology REPORT.
- Include two sections with headings: ""Findings:"" and ""Impression:"".
- Be factual and conservative; rely ONLY on the evidence given above.
- Explicitly mention: heart size, lungs, pleura (effusion/pneumothorax), and bones/other findings.
- Avoid hallucinating new diseases not supported by the evidence.

Return ONLY the report text.",Left retrocardiac airspace disease with blunted posterior costophrenic XXXX on lateral view suggesting small pleural effusion. Normal heart size. Right PICC is unchanged with tip at the caval atrial junction. Left retrocardiac airspace disease could reflect atelectasis and possible scarring. Small left pleural effusion.,"**Findings:**  
The chest X-ray demonstrates clear lung fields with no evidence of pleural effusion or pneumothorax. There is a focal opacity noted in the right lower zone, which may represent an area of airspace opacity. Additionally, a linear atelectasis pattern is observed, suggesting possible volume loss in the affected region. There is also a diffuse increased density throughout the lung fields, with areas of ground glass opacity present. The bony structures show a healed rib deformity, with no acute fractures identified. The heart size is within normal limits.

**Impression:**  
The findings suggest the presence of a focal opacity in the right lower zone, potentially indicating an airspace process, along with linear atelectasis. The diffuse increased density and ground glass opacity may warrant further clinical correlation. The healed rib deformity is noted, but there are no acute bony abnormalities. Overall, the heart size is normal, and there are no signs of pleural effusion or pneumothorax."
3256,"You are a board-certified radiologist.

You are given a structured context for a chest X-ray:
You are a radiology report generator. Produce a factual, structured chest X-ray report using the following multimodal evidence:

### 1. Image-derived alignment concepts:
airspace opacity, enlarged cardiac silhouette, pleural thickening, clear lung fields, prominent pulmonary vasculature, linear atelectasis pattern, diffuse increased density, peribronchial thickening

### 2. GNN disease priors (top predictions):
None

### 3. Knowledge-graph reasoning evidence:
None

### 4. Anatomical context extracted from KG:
None

### TASK:
Generate a complete, clinically accurate radiology report with the following sections:
- Findings
- Impression

Use the evidence above to avoid hallucinations and ensure factual consistency.

TASK:
- Generate a complete, clinically coherent radiology REPORT.
- Include two sections with headings: ""Findings:"" and ""Impression:"".
- Be factual and conservative; rely ONLY on the evidence given above.
- Explicitly mention: heart size, lungs, pleura (effusion/pneumothorax), and bones/other findings.
- Avoid hallucinating new diseases not supported by the evidence.

Return ONLY the report text.","There is mild cardiomegaly. Mediastinal contours appear within normal limits. There are small bilateral pleural effusions, left greater than right with left basilar opacities. No pneumothorax. Mild degenerative changes of the thoracic spine. Cardiomegaly with small bilateral pleural effusions and left basilar atelectasis.","**Findings:**  
The chest X-ray demonstrates an enlarged cardiac silhouette. The lung fields appear clear with no evidence of effusion or pneumothorax. There is a prominent pulmonary vasculature noted. Additionally, there is a linear atelectasis pattern observed, along with peribronchial thickening. No significant airspace opacity or diffuse increased density is present. The bony structures are unremarkable with no acute osseous abnormalities identified.

**Impression:**  
The findings suggest an enlarged cardiac silhouette, which may indicate cardiomegaly. The clear lung fields and absence of pleural effusion or pneumothorax are noted. The prominent pulmonary vasculature, linear atelectasis pattern, and peribronchial thickening may warrant further clinical correlation to assess for potential underlying pulmonary pathology. No acute disease is identified on this examination."
2130,"You are a board-certified radiologist.

You are given a structured context for a chest X-ray:
You are a radiology report generator. Produce a factual, structured chest X-ray report using the following multimodal evidence:

### 1. Image-derived alignment concepts:
enlarged cardiac silhouette, airspace opacity, prominent pulmonary vasculature, clear lung fields, left perihilar opacity, right lower zone opacity, focal opacity, linear atelectasis pattern

### 2. GNN disease priors (top predictions):
None

### 3. Knowledge-graph reasoning evidence:
None

### 4. Anatomical context extracted from KG:
None

### TASK:
Generate a complete, clinically accurate radiology report with the following sections:
- Findings
- Impression

Use the evidence above to avoid hallucinations and ensure factual consistency.

TASK:
- Generate a complete, clinically coherent radiology REPORT.
- Include two sections with headings: ""Findings:"" and ""Impression:"".
- Be factual and conservative; rely ONLY on the evidence given above.
- Explicitly mention: heart size, lungs, pleura (effusion/pneumothorax), and bones/other findings.
- Avoid hallucinating new diseases not supported by the evidence.

Return ONLY the report text.","Cardiomegaly is present. There is interstitial pulmonary edema with the presence of XXXX B-lines. There is no pneumothorax. There is an oval, 17 mm nodular opacity projecting between the posterior left 5th and 6th ribs. There is a 10 mm nodular density projecting over the right posterior 4th rib. There is a XXXX posterior effusion. Normal mediastinal silhouette. T-spine osteophytes. 1. Cardiomegaly with mild interstitial edema and XXXX posterior pleural effusion. 2. 17 mm nodular opacity in the left lung and 10 mm nodular opacity in the right lung. These lesions are XXXX and could be followed up radiographically after treatment of edema, or could be further characterized with CT.","**Findings:**  
The cardiac silhouette is enlarged, suggesting cardiomegaly. There is evidence of airspace opacity in the left perihilar region and the right lower zone, which may indicate possible consolidation or other pathology. Prominent pulmonary vasculature is noted, which could suggest increased blood flow or pressure. The lung fields are otherwise clear, with no significant pleural effusion or pneumothorax observed. Additionally, a linear atelectasis pattern is present, indicating areas of lung collapse. No bony abnormalities or other significant findings are noted in the visualized osseous structures.

**Impression:**  
1. Enlarged cardiac silhouette consistent with cardiomegaly.  
2. Airspace opacities in the left perihilar region and right lower zone, warranting further clinical correlation to rule out pneumonia or other causes of consolidation.  
3. Prominent pulmonary vasculature, possibly indicative of increased pulmonary blood flow.  
4. Linear atelectasis pattern observed.  
5. No pleural effusion or pneumothorax detected.  
6. No significant bony abnormalities noted."
1182,"You are a board-certified radiologist.

You are given a structured context for a chest X-ray:
You are a radiology report generator. Produce a factual, structured chest X-ray report using the following multimodal evidence:

### 1. Image-derived alignment concepts:
focal opacity, prominent pulmonary vasculature, pleural thickening, airspace opacity, left perihilar opacity, linear atelectasis pattern, clear lung fields, ground glass opacity

### 2. GNN disease priors (top predictions):
None

### 3. Knowledge-graph reasoning evidence:
None

### 4. Anatomical context extracted from KG:
None

### TASK:
Generate a complete, clinically accurate radiology report with the following sections:
- Findings
- Impression

Use the evidence above to avoid hallucinations and ensure factual consistency.

TASK:
- Generate a complete, clinically coherent radiology REPORT.
- Include two sections with headings: ""Findings:"" and ""Impression:"".
- Be factual and conservative; rely ONLY on the evidence given above.
- Explicitly mention: heart size, lungs, pleura (effusion/pneumothorax), and bones/other findings.
- Avoid hallucinating new diseases not supported by the evidence.

Return ONLY the report text.","Heart size within normal limits. No alveolar consolidation, no findings of pleural effusion or pulmonary edema. No pneumothorax. No acute findings","**Findings:**  
The chest X-ray demonstrates clear lung fields with no evidence of significant airspace disease. There is a focal opacity noted in the left perihilar region, which may represent a localized process. Prominent pulmonary vasculature is observed, suggesting increased blood flow or vascular congestion. Additionally, there is pleural thickening present, but no pleural effusion or pneumothorax is identified. A linear atelectasis pattern is noted, which may indicate areas of lung collapse. Ground glass opacity is not specifically mentioned, but the overall lung fields appear clear. The heart size is within normal limits, and there are no significant bony abnormalities observed.

**Impression:**  
1. Focal opacity in the left perihilar region, warranting further clinical correlation.  
2. Prominent pulmonary vasculature, possibly indicating increased blood flow.  
3. Pleural thickening without evidence of effusion or pneumothorax.  
4. Linear atelectasis pattern noted.  
5. Heart size is normal; no significant bony abnormalities detected.  
Overall, the findings suggest a need for further evaluation to determine the etiology of the left perihilar opacity."
1202,"You are a board-certified radiologist.

You are given a structured context for a chest X-ray:
You are a radiology report generator. Produce a factual, structured chest X-ray report using the following multimodal evidence:

### 1. Image-derived alignment concepts:
airspace opacity, prominent pulmonary vasculature, enlarged cardiac silhouette, right lower zone opacity, ground glass opacity, left perihilar opacity, clear lung fields, diffuse increased density

### 2. GNN disease priors (top predictions):
None

### 3. Knowledge-graph reasoning evidence:
None

### 4. Anatomical context extracted from KG:
None

### TASK:
Generate a complete, clinically accurate radiology report with the following sections:
- Findings
- Impression

Use the evidence above to avoid hallucinations and ensure factual consistency.

TASK:
- Generate a complete, clinically coherent radiology REPORT.
- Include two sections with headings: ""Findings:"" and ""Impression:"".
- Be factual and conservative; rely ONLY on the evidence given above.
- Explicitly mention: heart size, lungs, pleura (effusion/pneumothorax), and bones/other findings.
- Avoid hallucinating new diseases not supported by the evidence.

Return ONLY the report text.","The heart is large, and the pulmonary XXXX are engorged. No infiltrates. Cardiomegaly and pulmonary venous hypertension.","**Findings:**  
The chest X-ray demonstrates an enlarged cardiac silhouette. There is notable airspace opacity in the right lower zone, along with ground glass opacity and left perihilar opacity. The pulmonary vasculature appears prominent. The lung fields are otherwise clear, with no evidence of pleural effusion or pneumothorax. The bony structures are unremarkable with no acute osseous abnormalities identified.

**Impression:**  
The findings suggest possible pulmonary pathology, particularly in the right lower zone and left perihilar region, with an enlarged cardiac silhouette indicating potential cardiomegaly. The presence of ground glass opacity may warrant further clinical correlation. No acute processes such as pleural effusion or pneumothorax are observed. Further evaluation may be necessary based on clinical context."
1871,"You are a board-certified radiologist.

You are given a structured context for a chest X-ray:
You are a radiology report generator. Produce a factual, structured chest X-ray report using the following multimodal evidence:

### 1. Image-derived alignment concepts:
airspace opacity, linear atelectasis pattern, focal opacity, clear lung fields, pleural thickening, ground glass opacity, prominent pulmonary vasculature, right lower zone opacity

### 2. GNN disease priors (top predictions):
None

### 3. Knowledge-graph reasoning evidence:
None

### 4. Anatomical context extracted from KG:
None

### TASK:
Generate a complete, clinically accurate radiology report with the following sections:
- Findings
- Impression

Use the evidence above to avoid hallucinations and ensure factual consistency.

TASK:
- Generate a complete, clinically coherent radiology REPORT.
- Include two sections with headings: ""Findings:"" and ""Impression:"".
- Be factual and conservative; rely ONLY on the evidence given above.
- Explicitly mention: heart size, lungs, pleura (effusion/pneumothorax), and bones/other findings.
- Avoid hallucinating new diseases not supported by the evidence.

Return ONLY the report text.",The cardiomediastinal contours are within normal limits. Pulmonary vasculature is unremarkable. There is no focal airspace opacity. No pleural effusion or pneumothorax is seen. No acute bony abnormality is identified. No acute cardiopulmonary abnormality.,"**Findings:**  
The chest X-ray demonstrates clear lung fields with no evidence of significant pleural effusion or pneumothorax. There is a noted right lower zone opacity, which may represent focal opacity. Additionally, a linear atelectasis pattern is observed. Prominent pulmonary vasculature is present, and there is no evidence of ground glass opacity. The heart size appears within normal limits. No bony abnormalities are identified.

**Impression:**  
The findings suggest the presence of a right lower zone opacity, potentially indicative of an underlying process such as infection or atelectasis, in the context of a linear atelectasis pattern. The prominent pulmonary vasculature may warrant further clinical correlation. No acute cardiopulmonary abnormalities are noted, and the heart size is normal. Further evaluation may be considered based on clinical context."
3580,"You are a board-certified radiologist.

You are given a structured context for a chest X-ray:
You are a radiology report generator. Produce a factual, structured chest X-ray report using the following multimodal evidence:

### 1. Image-derived alignment concepts:
focal opacity, prominent pulmonary vasculature, left perihilar opacity, clear lung fields, airspace opacity, linear atelectasis pattern, pleural thickening, peribronchial thickening

### 2. GNN disease priors (top predictions):
None

### 3. Knowledge-graph reasoning evidence:
None

### 4. Anatomical context extracted from KG:
None

### TASK:
Generate a complete, clinically accurate radiology report with the following sections:
- Findings
- Impression

Use the evidence above to avoid hallucinations and ensure factual consistency.

TASK:
- Generate a complete, clinically coherent radiology REPORT.
- Include two sections with headings: ""Findings:"" and ""Impression:"".
- Be factual and conservative; rely ONLY on the evidence given above.
- Explicitly mention: heart size, lungs, pleura (effusion/pneumothorax), and bones/other findings.
- Avoid hallucinating new diseases not supported by the evidence.

Return ONLY the report text.","The cardiomediastinal silhouette is normal in size and contour. No focal consolidation, pneumothorax or large pleural effusion. Normal XXXX. Negative.","**Findings:**  
The heart size is within normal limits. The lungs demonstrate clear lung fields bilaterally, with no evidence of significant airspace opacity. However, there is a focal opacity noted in the left perihilar region, accompanied by prominent pulmonary vasculature. Additionally, there is a linear atelectasis pattern observed. Pleural thickening is present, but there are no signs of pleural effusion or pneumothorax. The bones appear unremarkable with no acute osseous abnormalities identified.

**Impression:**  
The chest X-ray shows a focal opacity in the left perihilar region with associated prominent pulmonary vasculature, suggestive of possible underlying pathology. The presence of linear atelectasis and pleural thickening may indicate chronic changes. No acute processes such as effusion or pneumothorax are observed. Further clinical correlation and possibly additional imaging may be warranted to evaluate the significance of the findings."
3272,"You are a board-certified radiologist.

You are given a structured context for a chest X-ray:
You are a radiology report generator. Produce a factual, structured chest X-ray report using the following multimodal evidence:

### 1. Image-derived alignment concepts:
linear atelectasis pattern, pleural thickening, focal opacity, healed rib deformity, clear lung fields, retrocardiac opacity, airspace opacity, right lower zone opacity

### 2. GNN disease priors (top predictions):
None

### 3. Knowledge-graph reasoning evidence:
None

### 4. Anatomical context extracted from KG:
None

### TASK:
Generate a complete, clinically accurate radiology report with the following sections:
- Findings
- Impression

Use the evidence above to avoid hallucinations and ensure factual consistency.

TASK:
- Generate a complete, clinically coherent radiology REPORT.
- Include two sections with headings: ""Findings:"" and ""Impression:"".
- Be factual and conservative; rely ONLY on the evidence given above.
- Explicitly mention: heart size, lungs, pleura (effusion/pneumothorax), and bones/other findings.
- Avoid hallucinating new diseases not supported by the evidence.

Return ONLY the report text.",Lung volumes remain XXXX. XXXX opacities are present in both lower lobes. Old rib fractures and pleural thickening are present on the right. Heart and pulmonary XXXX are normal. Hypoinflation with bibasilar focal atelectasis.,"**Findings:**  
The heart size is within normal limits. The lungs demonstrate clear lung fields bilaterally, with the exception of a linear atelectasis pattern noted in the right lower zone, accompanied by a focal opacity in the same region. There is also a retrocardiac opacity present. Pleural thickening is observed, but there is no evidence of effusion or pneumothorax. Additionally, there is a healed rib deformity noted, with no acute bony abnormalities identified.

**Impression:**  
The chest X-ray shows clear lung fields with a linear atelectasis pattern and focal opacity in the right lower zone, suggestive of possible volume loss or scarring. The presence of pleural thickening may indicate previous inflammatory changes. The retrocardiac opacity warrants further clinical correlation. No acute disease is identified, and the heart size remains normal."
3949,"You are a board-certified radiologist.

You are given a structured context for a chest X-ray:
You are a radiology report generator. Produce a factual, structured chest X-ray report using the following multimodal evidence:

### 1. Image-derived alignment concepts:
enlarged cardiac silhouette, airspace opacity, prominent pulmonary vasculature, left perihilar opacity, pleural thickening, linear atelectasis pattern, focal opacity, retrocardiac opacity

### 2. GNN disease priors (top predictions):
None

### 3. Knowledge-graph reasoning evidence:
None

### 4. Anatomical context extracted from KG:
None

### TASK:
Generate a complete, clinically accurate radiology report with the following sections:
- Findings
- Impression

Use the evidence above to avoid hallucinations and ensure factual consistency.

TASK:
- Generate a complete, clinically coherent radiology REPORT.
- Include two sections with headings: ""Findings:"" and ""Impression:"".
- Be factual and conservative; rely ONLY on the evidence given above.
- Explicitly mention: heart size, lungs, pleura (effusion/pneumothorax), and bones/other findings.
- Avoid hallucinating new diseases not supported by the evidence.

Return ONLY the report text.","Apical lordotic frontal view. Considering differences in technical factors XXXX stable cardiomediastinal silhouette with mild cardiomegaly. No focal alveolar consolidation, no definite pleural effusion seen. Dense left lower lung nodule suggests a previous granulomatous process. No typical findings of pulmonary edema. No acute findings","**Findings:**  
The chest X-ray demonstrates an enlarged cardiac silhouette, suggesting cardiomegaly. There is notable airspace opacity in the left perihilar region, which may indicate an underlying process such as infection or consolidation. Prominent pulmonary vasculature is observed, potentially indicative of increased blood flow or congestion. Additionally, there is pleural thickening noted, which may suggest chronic pleural disease or previous effusion. A linear atelectasis pattern is present, likely representing areas of lung collapse. Focal opacity is seen in the retrocardiac region, which requires further evaluation to determine its etiology.

**Impression:**  
The findings are suggestive of cardiomegaly with associated pulmonary vascular congestion. The left perihilar airspace opacity may represent an infectious process or consolidation. The pleural thickening and linear atelectasis pattern warrant further clinical correlation. The retrocardiac opacity should be further evaluated to ascertain its significance. Overall, these findings may indicate underlying cardiac and pulmonary pathology that requires clinical follow-up."
1633,"You are a board-certified radiologist.

You are given a structured context for a chest X-ray:
You are a radiology report generator. Produce a factual, structured chest X-ray report using the following multimodal evidence:

### 1. Image-derived alignment concepts:
linear atelectasis pattern, clear lung fields, airspace opacity, prominent pulmonary vasculature, left perihilar opacity, pleural thickening, focal opacity, peribronchial thickening

### 2. GNN disease priors (top predictions):
None

### 3. Knowledge-graph reasoning evidence:
None

### 4. Anatomical context extracted from KG:
None

### TASK:
Generate a complete, clinically accurate radiology report with the following sections:
- Findings
- Impression

Use the evidence above to avoid hallucinations and ensure factual consistency.

TASK:
- Generate a complete, clinically coherent radiology REPORT.
- Include two sections with headings: ""Findings:"" and ""Impression:"".
- Be factual and conservative; rely ONLY on the evidence given above.
- Explicitly mention: heart size, lungs, pleura (effusion/pneumothorax), and bones/other findings.
- Avoid hallucinating new diseases not supported by the evidence.

Return ONLY the report text.","The lungs are clear bilaterally. Specifically, no evidence of focal consolidation, pneumothorax, or pleural effusion.. Cardio mediastinal silhouette is unremarkable. Visualized osseous structures of the thorax are without acute abnormality. Stable chest without acute cardiopulmonary abnormality.","**Findings:**  
The heart size is within normal limits. The lungs demonstrate clear lung fields bilaterally, with no evidence of significant airspace opacity. However, there is a linear atelectasis pattern noted, particularly in the left perihilar region, accompanied by a left perihilar opacity. Prominent pulmonary vasculature is observed. There is also evidence of pleural thickening on the left side. No pleural effusion or pneumothorax is identified. The bones appear unremarkable with no acute osseous abnormalities.

**Impression:**  
The chest X-ray shows clear lung fields with a linear atelectasis pattern and a left perihilar opacity, suggestive of possible localized atelectasis or other underlying pathology. Prominent pulmonary vasculature and pleural thickening are noted, but there is no evidence of effusion or pneumothorax. Overall, the findings warrant clinical correlation and possible further evaluation."
1882,"You are a board-certified radiologist.

You are given a structured context for a chest X-ray:
You are a radiology report generator. Produce a factual, structured chest X-ray report using the following multimodal evidence:

### 1. Image-derived alignment concepts:
airspace opacity, ground glass opacity, pleural thickening, focal opacity, left perihilar opacity, right lower zone opacity, linear atelectasis pattern, peribronchial thickening

### 2. GNN disease priors (top predictions):
None

### 3. Knowledge-graph reasoning evidence:
None

### 4. Anatomical context extracted from KG:
None

### TASK:
Generate a complete, clinically accurate radiology report with the following sections:
- Findings
- Impression

Use the evidence above to avoid hallucinations and ensure factual consistency.

TASK:
- Generate a complete, clinically coherent radiology REPORT.
- Include two sections with headings: ""Findings:"" and ""Impression:"".
- Be factual and conservative; rely ONLY on the evidence given above.
- Explicitly mention: heart size, lungs, pleura (effusion/pneumothorax), and bones/other findings.
- Avoid hallucinating new diseases not supported by the evidence.

Return ONLY the report text.",Clear lungs bilaterally. Normal cardiac contours. No pneumothorax or pleural effusion. 1. No acute cardiopulmonary abnormality.,"**Findings:**  
The chest X-ray demonstrates the following findings:  
- There is airspace opacity noted in the left perihilar region, which may suggest an underlying process such as infection or inflammation.  
- Ground glass opacity is present, indicating potential interstitial lung disease or early pulmonary edema.  
- Focal opacity is observed in the right lower zone, which may represent a localized infection or other pathology.  
- Linear atelectasis pattern is noted, suggesting areas of lung collapse.  
- Peribronchial thickening is evident, which may indicate bronchial inflammation or infection.  
- Pleural thickening is present, but there is no evidence of pleural effusion or pneumothorax.  
- The heart size appears within normal limits.  
- The lungs show bilateral involvement with the aforementioned opacities, but no significant hyperinflation or other acute findings are noted.  
- The bony structures are unremarkable with no acute osseous abnormalities identified.

**Impression:**  
The chest X-ray findings are suggestive of possible infectious or inflammatory processes in the lungs, particularly with the presence of left perihilar opacity and right lower zone focal opacity. Ground glass opacity and peribronchial thickening further support this consideration. Linear atelectasis may indicate areas of lung collapse. There is no evidence of pleural effusion or pneumothorax, and the heart size is normal. Clinical correlation is recommended to determine the underlying cause of these findings."
3842,"You are a board-certified radiologist.

You are given a structured context for a chest X-ray:
You are a radiology report generator. Produce a factual, structured chest X-ray report using the following multimodal evidence:

### 1. Image-derived alignment concepts:
airspace opacity, prominent pulmonary vasculature, enlarged cardiac silhouette, left perihilar opacity, focal opacity, linear atelectasis pattern, clear lung fields, pleural thickening

### 2. GNN disease priors (top predictions):
None

### 3. Knowledge-graph reasoning evidence:
None

### 4. Anatomical context extracted from KG:
None

### TASK:
Generate a complete, clinically accurate radiology report with the following sections:
- Findings
- Impression

Use the evidence above to avoid hallucinations and ensure factual consistency.

TASK:
- Generate a complete, clinically coherent radiology REPORT.
- Include two sections with headings: ""Findings:"" and ""Impression:"".
- Be factual and conservative; rely ONLY on the evidence given above.
- Explicitly mention: heart size, lungs, pleura (effusion/pneumothorax), and bones/other findings.
- Avoid hallucinating new diseases not supported by the evidence.

Return ONLY the report text.",1. Low lung volumes 2. Lungs appear clear 3. Heart and pulmonary XXXX are normal 4. Pleural spaces are clear,"**Findings:**  
The chest X-ray demonstrates an enlarged cardiac silhouette. There is evidence of prominent pulmonary vasculature. The lung fields appear clear overall; however, there is a left perihilar opacity noted, along with a focal opacity and a linear atelectasis pattern. Additionally, pleural thickening is observed. No signs of effusion or pneumothorax are present. The bony structures appear unremarkable.

**Impression:**  
The findings suggest an enlarged heart size with associated prominent pulmonary vasculature. The left perihilar opacity and focal opacity may warrant further clinical correlation. The presence of linear atelectasis and pleural thickening should be evaluated in the context of the patient's clinical history. No acute processes such as effusion or pneumothorax are identified."
2404,"You are a board-certified radiologist.

You are given a structured context for a chest X-ray:
You are a radiology report generator. Produce a factual, structured chest X-ray report using the following multimodal evidence:

### 1. Image-derived alignment concepts:
airspace opacity, prominent pulmonary vasculature, linear atelectasis pattern, focal opacity, left perihilar opacity, clear lung fields, healed rib deformity, pleural thickening

### 2. GNN disease priors (top predictions):
None

### 3. Knowledge-graph reasoning evidence:
None

### 4. Anatomical context extracted from KG:
None

### TASK:
Generate a complete, clinically accurate radiology report with the following sections:
- Findings
- Impression

Use the evidence above to avoid hallucinations and ensure factual consistency.

TASK:
- Generate a complete, clinically coherent radiology REPORT.
- Include two sections with headings: ""Findings:"" and ""Impression:"".
- Be factual and conservative; rely ONLY on the evidence given above.
- Explicitly mention: heart size, lungs, pleura (effusion/pneumothorax), and bones/other findings.
- Avoid hallucinating new diseases not supported by the evidence.

Return ONLY the report text.","Heart size within normal limits, stable mediastinal contours, mediastinal surgical clips, mediastinal and right hilar calcifications suggest a previous granulomatous process. Improved lung volumes, XXXX left base opacities most suggestive of scarring. No focal alveolar consolidation, no definite pleural effusion seen. Bronchovascular crowding without typical findings of pulmonary edema.","**Findings:**  
The chest X-ray demonstrates clear lung fields bilaterally with no evidence of acute infiltrates or significant consolidations. There is a prominent pulmonary vasculature noted, which may suggest increased blood flow or volume. A linear atelectasis pattern is observed, indicating possible areas of lung collapse. Additionally, there is a focal opacity located in the left perihilar region, which may warrant further evaluation. The pleura appears thickened, but there is no evidence of pleural effusion or pneumothorax. The heart size is within normal limits. There is a noted healed rib deformity, which is likely an incidental finding and does not appear to contribute to any acute pathology.

**Impression:**  
1. Clear lung fields with no acute infiltrates or significant abnormalities.
2. Prominent pulmonary vasculature, possibly indicating increased blood flow.
3. Linear atelectasis pattern present.
4. Focal opacity in the left perihilar region, recommend further evaluation.
5. Pleural thickening without evidence of effusion or pneumothorax.
6. Heart size is normal; healed rib deformity noted as an incidental finding."
2563,"You are a board-certified radiologist.

You are given a structured context for a chest X-ray:
You are a radiology report generator. Produce a factual, structured chest X-ray report using the following multimodal evidence:

### 1. Image-derived alignment concepts:
airspace opacity, prominent pulmonary vasculature, clear lung fields, linear atelectasis pattern, pleural thickening, left perihilar opacity, focal opacity, ground glass opacity

### 2. GNN disease priors (top predictions):
None

### 3. Knowledge-graph reasoning evidence:
None

### 4. Anatomical context extracted from KG:
None

### TASK:
Generate a complete, clinically accurate radiology report with the following sections:
- Findings
- Impression

Use the evidence above to avoid hallucinations and ensure factual consistency.

TASK:
- Generate a complete, clinically coherent radiology REPORT.
- Include two sections with headings: ""Findings:"" and ""Impression:"".
- Be factual and conservative; rely ONLY on the evidence given above.
- Explicitly mention: heart size, lungs, pleura (effusion/pneumothorax), and bones/other findings.
- Avoid hallucinating new diseases not supported by the evidence.

Return ONLY the report text.","The cardiomediastinal silhouette and pulmonary vasculature are within normal limits in size. The lungs are clear of focal airspace disease, pneumothorax, or pleural effusion. There are no acute bony findings. No acute cardiopulmonary findings. .","**Findings:**  
The chest X-ray demonstrates clear lung fields with no evidence of significant airspace opacity. There is a prominent pulmonary vasculature noted, which may suggest increased blood flow or vascular congestion. A linear atelectasis pattern is observed, indicating areas of lung collapse. Additionally, there is a left perihilar opacity that may represent a focal opacity, but further evaluation is warranted to determine its nature. Ground glass opacity is not present. The pleura appears thickened, but there is no evidence of pleural effusion or pneumothorax. The heart size is within normal limits, and the bony structures are unremarkable with no acute osseous abnormalities identified.

**Impression:**  
The chest X-ray shows clear lung fields with prominent pulmonary vasculature and a linear atelectasis pattern. The left perihilar opacity requires further evaluation to ascertain its significance. Pleural thickening is noted without evidence of effusion or pneumothorax. Heart size is normal. Overall, the findings are suggestive of possible atelectasis and warrant clinical correlation."
2781,"You are a board-certified radiologist.

You are given a structured context for a chest X-ray:
You are a radiology report generator. Produce a factual, structured chest X-ray report using the following multimodal evidence:

### 1. Image-derived alignment concepts:
airspace opacity, focal opacity, clear lung fields, right lower zone opacity, prominent pulmonary vasculature, linear atelectasis pattern, pleural thickening, ground glass opacity

### 2. GNN disease priors (top predictions):
None

### 3. Knowledge-graph reasoning evidence:
None

### 4. Anatomical context extracted from KG:
None

### TASK:
Generate a complete, clinically accurate radiology report with the following sections:
- Findings
- Impression

Use the evidence above to avoid hallucinations and ensure factual consistency.

TASK:
- Generate a complete, clinically coherent radiology REPORT.
- Include two sections with headings: ""Findings:"" and ""Impression:"".
- Be factual and conservative; rely ONLY on the evidence given above.
- Explicitly mention: heart size, lungs, pleura (effusion/pneumothorax), and bones/other findings.
- Avoid hallucinating new diseases not supported by the evidence.

Return ONLY the report text.",Normal heart. Clear lungs. No pneumothorax. No pleural effusion. Trachea is midline. Normal chest exam.,"**Findings:**  
The chest X-ray demonstrates clear lung fields bilaterally with the exception of a focal opacity noted in the right lower zone. There is prominent pulmonary vasculature observed. Additionally, a linear atelectasis pattern is present, and there is evidence of pleural thickening. No ground glass opacity is identified. The heart size appears within normal limits. There are no signs of pleural effusion or pneumothorax. The bony structures are unremarkable with no acute osseous abnormalities noted.

**Impression:**  
The findings suggest a focal opacity in the right lower zone, likely representing an area of consolidation or atelectasis, accompanied by pleural thickening. The prominent pulmonary vasculature may indicate increased blood flow or congestion. Overall, there are no acute abnormalities of the heart or bony structures. Further clinical correlation may be warranted to determine the significance of the right lower zone opacity and pleural thickening."
2930,"You are a board-certified radiologist.

You are given a structured context for a chest X-ray:
You are a radiology report generator. Produce a factual, structured chest X-ray report using the following multimodal evidence:

### 1. Image-derived alignment concepts:
clear lung fields, linear atelectasis pattern, airspace opacity, retrocardiac opacity, ground glass opacity, aortic calcification, enlarged cardiac silhouette, diffuse increased density

### 2. GNN disease priors (top predictions):
None

### 3. Knowledge-graph reasoning evidence:
None

### 4. Anatomical context extracted from KG:
None

### TASK:
Generate a complete, clinically accurate radiology report with the following sections:
- Findings
- Impression

Use the evidence above to avoid hallucinations and ensure factual consistency.

TASK:
- Generate a complete, clinically coherent radiology REPORT.
- Include two sections with headings: ""Findings:"" and ""Impression:"".
- Be factual and conservative; rely ONLY on the evidence given above.
- Explicitly mention: heart size, lungs, pleura (effusion/pneumothorax), and bones/other findings.
- Avoid hallucinating new diseases not supported by the evidence.

Return ONLY the report text.",There are T-spine osteophytes. The cardiomediastinal silhouette and pulmonary vasculature are within normal limits. There is no pneumothorax or pleural effusion. There are no focal areas of consolidation. No acute cardiopulmonary abnormality.,"**Findings:**  
The chest X-ray demonstrates clear lung fields with a linear atelectasis pattern noted in the right lower lobe. There is evidence of airspace opacity in the same region, along with retrocardiac opacity. Ground glass opacity is also observed, suggesting possible underlying pathology. The cardiac silhouette appears enlarged, indicating cardiomegaly. Aortic calcification is present, and there is diffuse increased density throughout the lung fields. No pleural effusion or pneumothorax is identified. The bony structures appear unremarkable without any acute osseous abnormalities.

**Impression:**  
The findings suggest the presence of linear atelectasis and airspace opacity in the right lower lobe, potentially indicating an infectious or inflammatory process. The enlarged cardiac silhouette may suggest underlying cardiac conditions, while the presence of aortic calcification is consistent with age-related changes. The diffuse increased density and ground glass opacity warrant further clinical correlation to rule out any significant pulmonary pathology. No pleural effusion or pneumothorax is noted. Overall, the findings require clinical correlation for appropriate management."
838,"You are a board-certified radiologist.

You are given a structured context for a chest X-ray:
You are a radiology report generator. Produce a factual, structured chest X-ray report using the following multimodal evidence:

### 1. Image-derived alignment concepts:
prominent pulmonary vasculature, left perihilar opacity, enlarged cardiac silhouette, airspace opacity, linear atelectasis pattern, focal opacity, right lower zone opacity, clear lung fields

### 2. GNN disease priors (top predictions):
None

### 3. Knowledge-graph reasoning evidence:
None

### 4. Anatomical context extracted from KG:
None

### TASK:
Generate a complete, clinically accurate radiology report with the following sections:
- Findings
- Impression

Use the evidence above to avoid hallucinations and ensure factual consistency.

TASK:
- Generate a complete, clinically coherent radiology REPORT.
- Include two sections with headings: ""Findings:"" and ""Impression:"".
- Be factual and conservative; rely ONLY on the evidence given above.
- Explicitly mention: heart size, lungs, pleura (effusion/pneumothorax), and bones/other findings.
- Avoid hallucinating new diseases not supported by the evidence.

Return ONLY the report text.","Stable prominence of the cardiac apex, XXXX from ventricular hypertrophy. Mid sternotomy XXXX again noted. No pneumothorax, significant pulmonary edema or large pleural effusions. No focal lung consolidation. Clips in the right upper quadrant consistent with cholecystectomy. Dextroscoliosis of the thoracolumbar spine. 1. No acute cardiopulmonary abnormalities.","**Findings:**  
The chest X-ray demonstrates prominent pulmonary vasculature. There is a left perihilar opacity noted, along with an enlarged cardiac silhouette. Airspace opacity is present, particularly in the right lower zone, and a linear atelectasis pattern is observed. The remaining lung fields appear clear. No pleural effusion or pneumothorax is identified. The bony structures are unremarkable with no acute osseous abnormalities noted.

**Impression:**  
The findings suggest possible pulmonary pathology, including the left perihilar opacity and right lower zone airspace opacity, which may indicate an infectious or inflammatory process. The enlarged cardiac silhouette may suggest cardiomegaly. Further clinical correlation and potential follow-up imaging may be warranted to evaluate the significance of these findings."
2991,"You are a board-certified radiologist.

You are given a structured context for a chest X-ray:
You are a radiology report generator. Produce a factual, structured chest X-ray report using the following multimodal evidence:

### 1. Image-derived alignment concepts:
left perihilar opacity, prominent pulmonary vasculature, clear lung fields, focal opacity, right lower zone opacity, peribronchial thickening, diffuse increased density, normal mediastinal contours

### 2. GNN disease priors (top predictions):
None

### 3. Knowledge-graph reasoning evidence:
None

### 4. Anatomical context extracted from KG:
None

### TASK:
Generate a complete, clinically accurate radiology report with the following sections:
- Findings
- Impression

Use the evidence above to avoid hallucinations and ensure factual consistency.

TASK:
- Generate a complete, clinically coherent radiology REPORT.
- Include two sections with headings: ""Findings:"" and ""Impression:"".
- Be factual and conservative; rely ONLY on the evidence given above.
- Explicitly mention: heart size, lungs, pleura (effusion/pneumothorax), and bones/other findings.
- Avoid hallucinating new diseases not supported by the evidence.

Return ONLY the report text.",Heart size is normal and the lungs are clear. No nodules or masses. No effusions. No pneumonia,"**Findings:**  
The chest X-ray demonstrates clear lung fields with no evidence of effusion or pneumothorax. There is a left perihilar opacity noted, along with a focal opacity in the right lower zone. The pulmonary vasculature appears prominent, and there is peribronchial thickening observed. Additionally, there is diffuse increased density throughout the lung fields. The heart size is within normal limits, and the mediastinal contours are normal. No bony abnormalities are identified.

**Impression:**  
The findings suggest the presence of a left perihilar opacity and a focal opacity in the right lower zone, with associated prominent pulmonary vasculature and peribronchial thickening. The diffuse increased density may indicate underlying pathology that requires further clinical correlation. Overall, there are no acute processes such as effusion or pneumothorax, and the heart size and mediastinal contours are normal. Further evaluation may be warranted based on clinical context."
3562,"You are a board-certified radiologist.

You are given a structured context for a chest X-ray:
You are a radiology report generator. Produce a factual, structured chest X-ray report using the following multimodal evidence:

### 1. Image-derived alignment concepts:
airspace opacity, ground glass opacity, linear atelectasis pattern, focal opacity, retrocardiac opacity, clear lung fields, right lower zone opacity, pleural thickening

### 2. GNN disease priors (top predictions):
None

### 3. Knowledge-graph reasoning evidence:
None

### 4. Anatomical context extracted from KG:
None

### TASK:
Generate a complete, clinically accurate radiology report with the following sections:
- Findings
- Impression

Use the evidence above to avoid hallucinations and ensure factual consistency.

TASK:
- Generate a complete, clinically coherent radiology REPORT.
- Include two sections with headings: ""Findings:"" and ""Impression:"".
- Be factual and conservative; rely ONLY on the evidence given above.
- Explicitly mention: heart size, lungs, pleura (effusion/pneumothorax), and bones/other findings.
- Avoid hallucinating new diseases not supported by the evidence.

Return ONLY the report text.",The cardiomediastinal silhouette and vasculature are within normal limits for size and contour. Sequela of prior granulomatous disease Lung volumes are low with central bronchovascular crowding and patchy basilar atelectasis.. Degenerative changes of the spine. 1. Low volume study without acute process.,"**Findings:**  
The chest X-ray demonstrates clear lung fields with no evidence of significant airspace opacity or ground glass opacity. There is a noted linear atelectasis pattern in the right lower zone, accompanied by focal opacity in the same region. Additionally, there is retrocardiac opacity observed. The heart size appears within normal limits. The pleura shows no signs of effusion or pneumothorax, and the bony structures are unremarkable with no acute osseous abnormalities identified.

**Impression:**  
The findings suggest linear atelectasis in the right lower zone with associated focal opacity, which may represent a localized process. The retrocardiac opacity warrants further clinical correlation, but there are no acute abnormalities in the heart size, lungs, or pleura. Overall, the examination is largely unremarkable aside from the noted findings."
3341,"You are a board-certified radiologist.

You are given a structured context for a chest X-ray:
You are a radiology report generator. Produce a factual, structured chest X-ray report using the following multimodal evidence:

### 1. Image-derived alignment concepts:
airspace opacity, pleural thickening, focal opacity, linear atelectasis pattern, clear lung fields, prominent pulmonary vasculature, enlarged cardiac silhouette, ground glass opacity

### 2. GNN disease priors (top predictions):
None

### 3. Knowledge-graph reasoning evidence:
None

### 4. Anatomical context extracted from KG:
None

### TASK:
Generate a complete, clinically accurate radiology report with the following sections:
- Findings
- Impression

Use the evidence above to avoid hallucinations and ensure factual consistency.

TASK:
- Generate a complete, clinically coherent radiology REPORT.
- Include two sections with headings: ""Findings:"" and ""Impression:"".
- Be factual and conservative; rely ONLY on the evidence given above.
- Explicitly mention: heart size, lungs, pleura (effusion/pneumothorax), and bones/other findings.
- Avoid hallucinating new diseases not supported by the evidence.

Return ONLY the report text.","Heart size normal. Lungs are clear. XXXX are normal. No pneumonia, effusions, edema, pneumothorax, adenopathy, nodules or masses. Normal chest","**Findings:**  
The chest X-ray demonstrates clear lung fields with no evidence of significant airspace opacity or focal opacity. There is a linear atelectasis pattern noted, but no pleural effusion or pneumothorax is observed. The pulmonary vasculature appears prominent, and there is no ground glass opacity present. The cardiac silhouette is enlarged, suggesting possible cardiomegaly. No abnormalities are noted in the bones or other structures.

**Impression:**  
Enlarged cardiac silhouette consistent with cardiomegaly. Clear lung fields with a linear atelectasis pattern and prominent pulmonary vasculature. No evidence of pleural effusion or pneumothorax. Overall, findings are suggestive of a stable chest X-ray with no acute pathology identified."
2323,"You are a board-certified radiologist.

You are given a structured context for a chest X-ray:
You are a radiology report generator. Produce a factual, structured chest X-ray report using the following multimodal evidence:

### 1. Image-derived alignment concepts:
airspace opacity, focal opacity, linear atelectasis pattern, left perihilar opacity, right lower zone opacity, prominent pulmonary vasculature, clear lung fields, ground glass opacity

### 2. GNN disease priors (top predictions):
None

### 3. Knowledge-graph reasoning evidence:
None

### 4. Anatomical context extracted from KG:
None

### TASK:
Generate a complete, clinically accurate radiology report with the following sections:
- Findings
- Impression

Use the evidence above to avoid hallucinations and ensure factual consistency.

TASK:
- Generate a complete, clinically coherent radiology REPORT.
- Include two sections with headings: ""Findings:"" and ""Impression:"".
- Be factual and conservative; rely ONLY on the evidence given above.
- Explicitly mention: heart size, lungs, pleura (effusion/pneumothorax), and bones/other findings.
- Avoid hallucinating new diseases not supported by the evidence.

Return ONLY the report text.","Lungs are clear bilaterally with no focal infiltrate, pleural effusion, or pneumothoraces. Cardiomediastinal silhouette is within normal limits. No acute bony or soft tissue abnormality. No acute cardiopulmonary abnormality. .","**Findings:**  
The chest X-ray demonstrates clear lung fields with no evidence of pleural effusion or pneumothorax. There is a left perihilar opacity and a right lower zone opacity noted, which may represent airspace opacities. Additionally, a linear atelectasis pattern is observed. The pulmonary vasculature appears prominent. The heart size is within normal limits. No bony abnormalities are identified.

**Impression:**  
The findings suggest the presence of airspace opacities in the left perihilar and right lower zone regions, potentially indicating an infectious or inflammatory process. The linear atelectasis pattern may suggest partial lung collapse. Prominent pulmonary vasculature could indicate increased blood flow or congestion. Overall, the lungs are clear without any significant pleural pathology. Further clinical correlation may be warranted based on the patient's symptoms and history."
1144,"You are a board-certified radiologist.

You are given a structured context for a chest X-ray:
You are a radiology report generator. Produce a factual, structured chest X-ray report using the following multimodal evidence:

### 1. Image-derived alignment concepts:
prominent pulmonary vasculature, airspace opacity, focal opacity, clear lung fields, left perihilar opacity, linear atelectasis pattern, right lower zone opacity, ground glass opacity

### 2. GNN disease priors (top predictions):
None

### 3. Knowledge-graph reasoning evidence:
None

### 4. Anatomical context extracted from KG:
None

### TASK:
Generate a complete, clinically accurate radiology report with the following sections:
- Findings
- Impression

Use the evidence above to avoid hallucinations and ensure factual consistency.

TASK:
- Generate a complete, clinically coherent radiology REPORT.
- Include two sections with headings: ""Findings:"" and ""Impression:"".
- Be factual and conservative; rely ONLY on the evidence given above.
- Explicitly mention: heart size, lungs, pleura (effusion/pneumothorax), and bones/other findings.
- Avoid hallucinating new diseases not supported by the evidence.

Return ONLY the report text.","The cardiomediastinal silhouette and pulmonary vasculature are within normal limits in size. The lungs are clear of focal airspace disease, pneumothorax, or pleural effusion. There are no acute bony findings. No acute cardiopulmonary findings.","**Findings:**  
The heart size is within normal limits. The lungs demonstrate prominent pulmonary vasculature with clear lung fields overall. However, there is notable airspace opacity in the right lower zone, accompanied by a focal opacity in the left perihilar region. A linear atelectasis pattern is observed, and there is also ground glass opacity present. The pleura appears unremarkable with no evidence of effusion or pneumothorax. The bony structures are intact with no acute osseous abnormalities noted.

**Impression:**  
The chest X-ray findings suggest the presence of right lower zone opacity and left perihilar opacity, which may indicate an infectious or inflammatory process. The linear atelectasis pattern and ground glass opacity warrant further clinical correlation. No significant pleural effusion or pneumothorax is observed. Overall, the findings are suggestive of potential pulmonary pathology that may require further evaluation."
93,"You are a board-certified radiologist.

You are given a structured context for a chest X-ray:
You are a radiology report generator. Produce a factual, structured chest X-ray report using the following multimodal evidence:

### 1. Image-derived alignment concepts:
left perihilar opacity, enlarged cardiac silhouette, airspace opacity, prominent pulmonary vasculature, focal opacity, linear atelectasis pattern, clear lung fields, ground glass opacity

### 2. GNN disease priors (top predictions):
None

### 3. Knowledge-graph reasoning evidence:
None

### 4. Anatomical context extracted from KG:
None

### TASK:
Generate a complete, clinically accurate radiology report with the following sections:
- Findings
- Impression

Use the evidence above to avoid hallucinations and ensure factual consistency.

TASK:
- Generate a complete, clinically coherent radiology REPORT.
- Include two sections with headings: ""Findings:"" and ""Impression:"".
- Be factual and conservative; rely ONLY on the evidence given above.
- Explicitly mention: heart size, lungs, pleura (effusion/pneumothorax), and bones/other findings.
- Avoid hallucinating new diseases not supported by the evidence.

Return ONLY the report text.","Lungs are clear without focal consolidation, effusion, or pneumothorax. Normal heart size. Negative for pneumoperitoneum. Mild degenerative changes of the thoracic spine. Negative for acute cardiopulmonary abnormality.","**Findings:**  
The chest X-ray demonstrates an enlarged cardiac silhouette. There is a left perihilar opacity noted, along with prominent pulmonary vasculature. Airspace opacity is present, and a linear atelectasis pattern is observed. The lung fields are otherwise clear, with no evidence of pleural effusion or pneumothorax. Additionally, a focal opacity and ground glass opacity are identified. The bony structures appear unremarkable with no acute osseous abnormalities.

**Impression:**  
The findings suggest an enlarged cardiac silhouette, which may indicate cardiomegaly. The left perihilar opacity and prominent pulmonary vasculature could suggest underlying pulmonary pathology, potentially related to vascular congestion or infection. The presence of airspace opacity and linear atelectasis may indicate atelectasis or an infectious process. No significant pleural effusion or pneumothorax is observed. Further clinical correlation and possible follow-up imaging may be warranted to evaluate the nature of the left perihilar opacity and the overall cardiac silhouette."
3930,"You are a board-certified radiologist.

You are given a structured context for a chest X-ray:
You are a radiology report generator. Produce a factual, structured chest X-ray report using the following multimodal evidence:

### 1. Image-derived alignment concepts:
airspace opacity, focal opacity, clear lung fields, prominent pulmonary vasculature, left perihilar opacity, retrocardiac opacity, ground glass opacity, right lower zone opacity

### 2. GNN disease priors (top predictions):
None

### 3. Knowledge-graph reasoning evidence:
None

### 4. Anatomical context extracted from KG:
None

### TASK:
Generate a complete, clinically accurate radiology report with the following sections:
- Findings
- Impression

Use the evidence above to avoid hallucinations and ensure factual consistency.

TASK:
- Generate a complete, clinically coherent radiology REPORT.
- Include two sections with headings: ""Findings:"" and ""Impression:"".
- Be factual and conservative; rely ONLY on the evidence given above.
- Explicitly mention: heart size, lungs, pleura (effusion/pneumothorax), and bones/other findings.
- Avoid hallucinating new diseases not supported by the evidence.

Return ONLY the report text.",Lungs are overall hyperexpanded consistent with obstructive lung disease. Lungs are clear without focal consolidation. No suspicious pulmonary nodules or masses are noted. No pleural effusions or pneumothoraces. heart size is upper limits of normal. Hyperexpanded but clear lungs.,"**Findings:**  
The chest X-ray demonstrates clear lung fields bilaterally with no evidence of significant airspace opacity or focal opacity. The pulmonary vasculature appears prominent, particularly in the left perihilar region, where there is a noted opacity. There is also a retrocardiac opacity observed in the right lower zone. The heart size is within normal limits, and there are no signs of pleural effusion or pneumothorax. The bony structures appear unremarkable with no acute osseous abnormalities noted.

**Impression:**  
The findings suggest prominent pulmonary vasculature with associated left perihilar and retrocardiac opacities. No acute disease is identified, and the heart size is normal. There are no indications of pleural effusion or pneumothorax. Further clinical correlation may be warranted based on the patient's symptoms and history."
2180,"You are a board-certified radiologist.

You are given a structured context for a chest X-ray:
You are a radiology report generator. Produce a factual, structured chest X-ray report using the following multimodal evidence:

### 1. Image-derived alignment concepts:
enlarged cardiac silhouette, aortic calcification, prominent pulmonary vasculature, left perihilar opacity, retrocardiac opacity, airspace opacity, focal opacity, clear lung fields

### 2. GNN disease priors (top predictions):
None

### 3. Knowledge-graph reasoning evidence:
None

### 4. Anatomical context extracted from KG:
None

### TASK:
Generate a complete, clinically accurate radiology report with the following sections:
- Findings
- Impression

Use the evidence above to avoid hallucinations and ensure factual consistency.

TASK:
- Generate a complete, clinically coherent radiology REPORT.
- Include two sections with headings: ""Findings:"" and ""Impression:"".
- Be factual and conservative; rely ONLY on the evidence given above.
- Explicitly mention: heart size, lungs, pleura (effusion/pneumothorax), and bones/other findings.
- Avoid hallucinating new diseases not supported by the evidence.

Return ONLY the report text.","Marked increase in heart size. Cardiomegaly. Question pericardial effusion. Stable 1.5 cm nodule left mid chest, XXXX a granuloma. Lungs are clear. No effusion. Stable left hilar lymphadenopathy.","**Findings:**  
The cardiac silhouette is enlarged, suggesting cardiomegaly. There is evidence of aortic calcification noted. The pulmonary vasculature appears prominent, which may indicate increased blood flow or congestion. A left perihilar opacity is observed, along with a retrocardiac opacity. Additionally, there are airspace opacities and a focal opacity present. The lung fields are otherwise clear, with no signs of pleural effusion or pneumothorax. The bony structures are unremarkable with no acute osseous abnormalities noted.

**Impression:**  
1. Enlarged cardiac silhouette consistent with cardiomegaly.  
2. Prominent pulmonary vasculature, possibly indicative of pulmonary congestion.  
3. Left perihilar and retrocardiac opacities warrant further clinical correlation.  
4. Airspace and focal opacities present; differential diagnosis may include infection or inflammation.  
5. Clear lung fields with no evidence of pleural effusion or pneumothorax.  
6. No significant bony abnormalities observed."
585,"You are a board-certified radiologist.

You are given a structured context for a chest X-ray:
You are a radiology report generator. Produce a factual, structured chest X-ray report using the following multimodal evidence:

### 1. Image-derived alignment concepts:
pleural thickening, airspace opacity, prominent pulmonary vasculature, clear lung fields, focal opacity, linear atelectasis pattern, left perihilar opacity, peribronchial thickening

### 2. GNN disease priors (top predictions):
None

### 3. Knowledge-graph reasoning evidence:
None

### 4. Anatomical context extracted from KG:
None

### TASK:
Generate a complete, clinically accurate radiology report with the following sections:
- Findings
- Impression

Use the evidence above to avoid hallucinations and ensure factual consistency.

TASK:
- Generate a complete, clinically coherent radiology REPORT.
- Include two sections with headings: ""Findings:"" and ""Impression:"".
- Be factual and conservative; rely ONLY on the evidence given above.
- Explicitly mention: heart size, lungs, pleura (effusion/pneumothorax), and bones/other findings.
- Avoid hallucinating new diseases not supported by the evidence.

Return ONLY the report text.","There are prominent epicardial fat pads, unchanged from prior. The cardiomediastinal silhouette and pulmonary vasculature are within normal limits. There is no pneumothorax or pleural effusion. There are no focal areas of consolidation. There is atherosclerosis of the aortic XXXX. Unchanged streaky opacities in the bilateral costophrenic sulci XXXX represent chronic scarring or atelectasis. No acute cardiopulmonary abnormality.","**Findings:**  
The heart size is within normal limits. The lungs demonstrate clear lung fields bilaterally, with no evidence of effusion or pneumothorax. There is notable pleural thickening observed. A left perihilar opacity is present, accompanied by prominent pulmonary vasculature. Additionally, there is a focal opacity and peribronchial thickening noted. A linear atelectasis pattern is also observed, suggesting possible underlying atelectasis. No acute bony abnormalities are identified.

**Impression:**  
The chest X-ray shows pleural thickening and a left perihilar opacity, with associated prominent pulmonary vasculature. The presence of peribronchial thickening and a linear atelectasis pattern may indicate chronic changes. No acute disease is evident, and the heart size remains normal. Further clinical correlation may be warranted to evaluate the significance of the findings."
3771,"You are a board-certified radiologist.

You are given a structured context for a chest X-ray:
You are a radiology report generator. Produce a factual, structured chest X-ray report using the following multimodal evidence:

### 1. Image-derived alignment concepts:
airspace opacity, prominent pulmonary vasculature, focal opacity, peribronchial thickening, clear lung fields, left perihilar opacity, ground glass opacity, pleural thickening

### 2. GNN disease priors (top predictions):
None

### 3. Knowledge-graph reasoning evidence:
None

### 4. Anatomical context extracted from KG:
None

### TASK:
Generate a complete, clinically accurate radiology report with the following sections:
- Findings
- Impression

Use the evidence above to avoid hallucinations and ensure factual consistency.

TASK:
- Generate a complete, clinically coherent radiology REPORT.
- Include two sections with headings: ""Findings:"" and ""Impression:"".
- Be factual and conservative; rely ONLY on the evidence given above.
- Explicitly mention: heart size, lungs, pleura (effusion/pneumothorax), and bones/other findings.
- Avoid hallucinating new diseases not supported by the evidence.

Return ONLY the report text.",Left knee. Moderately severe medial joint space narrowing and spurring. Chest. Heart size normal. Lungs clear.,"**Findings:**  
The heart size is within normal limits. The lungs demonstrate clear lung fields with no evidence of significant airspace opacity. However, there is a left perihilar opacity noted, which may represent a focal opacity. Prominent pulmonary vasculature is observed, and there is evidence of peribronchial thickening. No ground glass opacity is identified. The pleura appears normal with no signs of effusion or pneumothorax. The bony structures are unremarkable with no acute osseous abnormalities.

**Impression:**  
The chest X-ray shows a left perihilar opacity with prominent pulmonary vasculature and peribronchial thickening. No acute cardiopulmonary pathology is evident, and the heart size is normal. The pleura is intact without effusion or pneumothorax. Further clinical correlation may be warranted to evaluate the significance of the left perihilar opacity."
126,"You are a board-certified radiologist.

You are given a structured context for a chest X-ray:
You are a radiology report generator. Produce a factual, structured chest X-ray report using the following multimodal evidence:

### 1. Image-derived alignment concepts:
clear lung fields, left perihilar opacity, linear atelectasis pattern, pleural thickening, diffuse increased density, prominent pulmonary vasculature, peribronchial thickening, ground glass opacity

### 2. GNN disease priors (top predictions):
None

### 3. Knowledge-graph reasoning evidence:
None

### 4. Anatomical context extracted from KG:
None

### TASK:
Generate a complete, clinically accurate radiology report with the following sections:
- Findings
- Impression

Use the evidence above to avoid hallucinations and ensure factual consistency.

TASK:
- Generate a complete, clinically coherent radiology REPORT.
- Include two sections with headings: ""Findings:"" and ""Impression:"".
- Be factual and conservative; rely ONLY on the evidence given above.
- Explicitly mention: heart size, lungs, pleura (effusion/pneumothorax), and bones/other findings.
- Avoid hallucinating new diseases not supported by the evidence.

Return ONLY the report text.",Vague increased opacity which appears to be within the left lower lobe. Question of this could be developing or resolving pneumonia. Lungs are otherwise clear. No pleural effusions or pneumothoraces. heart and mediastinum are stable normal size heart. Atherosclerotic vascular disease. Degenerative changes in the thoracic spine. Vague opacity at the left lung base which appears to be within the left lower lobe. This may represent resolving or developing pneumonia given the patient's history.,"**Findings:**  
The chest X-ray demonstrates clear lung fields bilaterally with the exception of a left perihilar opacity. There is a linear atelectasis pattern noted, along with pleural thickening. Diffuse increased density is observed throughout the lung fields, and there is prominent pulmonary vasculature. Additionally, peribronchial thickening is present, and ground glass opacity is noted. The heart size appears within normal limits. No evidence of pleural effusion or pneumothorax is identified. The bony structures are unremarkable with no acute osseous abnormalities.

**Impression:**  
The findings suggest the presence of a left perihilar opacity with associated linear atelectasis and pleural thickening. The diffuse increased density and ground glass opacity may indicate an underlying process, but no specific disease is identified based on the current evidence. The heart size is normal, and there are no signs of pleural effusion or pneumothorax. Further clinical correlation and possible follow-up imaging may be warranted to evaluate the left perihilar opacity and associated findings."
3774,"You are a board-certified radiologist.

You are given a structured context for a chest X-ray:
You are a radiology report generator. Produce a factual, structured chest X-ray report using the following multimodal evidence:

### 1. Image-derived alignment concepts:
linear atelectasis pattern, airspace opacity, focal opacity, pleural thickening, right lower zone opacity, healed rib deformity, ground glass opacity, clear lung fields

### 2. GNN disease priors (top predictions):
None

### 3. Knowledge-graph reasoning evidence:
None

### 4. Anatomical context extracted from KG:
None

### TASK:
Generate a complete, clinically accurate radiology report with the following sections:
- Findings
- Impression

Use the evidence above to avoid hallucinations and ensure factual consistency.

TASK:
- Generate a complete, clinically coherent radiology REPORT.
- Include two sections with headings: ""Findings:"" and ""Impression:"".
- Be factual and conservative; rely ONLY on the evidence given above.
- Explicitly mention: heart size, lungs, pleura (effusion/pneumothorax), and bones/other findings.
- Avoid hallucinating new diseases not supported by the evidence.

Return ONLY the report text.",Heart size is within normal limits. Tortuous aorta. Clear lungs. No pneumothorax. No pleural effusion. Atherosclerotic calcification within the aorta. Right lower lung granuloma. No acute cardiopulmonary abnormality.,"**Findings:**  
The chest X-ray demonstrates clear lung fields with no evidence of significant pleural effusion or pneumothorax. There is a linear atelectasis pattern noted, particularly in the right lower zone, accompanied by focal opacity in the same region. Additionally, there is pleural thickening observed. Ground glass opacity is present but is not extensive. The heart size appears within normal limits. There is a healed rib deformity noted, with no acute bony abnormalities identified.

**Impression:**  
The findings are suggestive of linear atelectasis and focal opacity in the right lower zone, likely related to prior lung pathology or atelectasis. The presence of pleural thickening may indicate previous pleural disease. Ground glass opacity is noted but is not extensive. No acute cardiopulmonary abnormalities are observed, and the heart size is normal. Overall, the findings do not suggest any acute disease process."
282,"You are a board-certified radiologist.

You are given a structured context for a chest X-ray:
You are a radiology report generator. Produce a factual, structured chest X-ray report using the following multimodal evidence:

### 1. Image-derived alignment concepts:
clear lung fields, prominent pulmonary vasculature, left perihilar opacity, linear atelectasis pattern, focal opacity, airspace opacity, diffuse increased density, ground glass opacity

### 2. GNN disease priors (top predictions):
None

### 3. Knowledge-graph reasoning evidence:
None

### 4. Anatomical context extracted from KG:
None

### TASK:
Generate a complete, clinically accurate radiology report with the following sections:
- Findings
- Impression

Use the evidence above to avoid hallucinations and ensure factual consistency.

TASK:
- Generate a complete, clinically coherent radiology REPORT.
- Include two sections with headings: ""Findings:"" and ""Impression:"".
- Be factual and conservative; rely ONLY on the evidence given above.
- Explicitly mention: heart size, lungs, pleura (effusion/pneumothorax), and bones/other findings.
- Avoid hallucinating new diseases not supported by the evidence.

Return ONLY the report text.","Mediastinal contours are within normal limits. Heart size is within normal limits. No focal consolidation, pneumothorax or pleural effusion. No acute cardiopulmonary abnormality.","**Findings:**  
The chest X-ray demonstrates clear lung fields bilaterally with prominent pulmonary vasculature. There is a left perihilar opacity noted, which may represent a focal opacity or airspace opacity. Additionally, a linear atelectasis pattern is observed. There is diffuse increased density in the left lung field, consistent with ground glass opacity. The heart size is within normal limits. The pleura appears unremarkable with no evidence of effusion or pneumothorax. The bony structures are intact with no acute osseous abnormalities identified.

**Impression:**  
The findings suggest the presence of a left perihilar opacity with associated ground glass opacity and linear atelectasis. These findings may warrant further clinical correlation and possible follow-up imaging to evaluate for any underlying pathology. No acute cardiopulmonary abnormalities are noted."
689,"You are a board-certified radiologist.

You are given a structured context for a chest X-ray:
You are a radiology report generator. Produce a factual, structured chest X-ray report using the following multimodal evidence:

### 1. Image-derived alignment concepts:
airspace opacity, prominent pulmonary vasculature, pleural thickening, focal opacity, left perihilar opacity, linear atelectasis pattern, peribronchial thickening, clear lung fields

### 2. GNN disease priors (top predictions):
None

### 3. Knowledge-graph reasoning evidence:
None

### 4. Anatomical context extracted from KG:
None

### TASK:
Generate a complete, clinically accurate radiology report with the following sections:
- Findings
- Impression

Use the evidence above to avoid hallucinations and ensure factual consistency.

TASK:
- Generate a complete, clinically coherent radiology REPORT.
- Include two sections with headings: ""Findings:"" and ""Impression:"".
- Be factual and conservative; rely ONLY on the evidence given above.
- Explicitly mention: heart size, lungs, pleura (effusion/pneumothorax), and bones/other findings.
- Avoid hallucinating new diseases not supported by the evidence.

Return ONLY the report text.","Three noncalcified lung nodules are present in the left lower lobe. The largest measures 3.5 mm in diameter. Another nodule is present near the right hilum. It is approximately 2 cm in diameter. The XXXX and mediastinum appear normal. Heart size normal. Multiple nodules in both the left and right lungs consistent with neoplasm. Further workup could be initiated with contrasted CT of the chest, abdomen, and pelvis. Dr. XXXX XXXX I discussed the findings and further workup suggestions by telephone approximately XXXX hours XXXX, XXXX.","**Findings:**  
The chest X-ray demonstrates clear lung fields bilaterally with no evidence of effusion or pneumothorax. There is notable airspace opacity in the left perihilar region, accompanied by prominent pulmonary vasculature. Additionally, there is evidence of linear atelectasis pattern and peribronchial thickening. Focal opacity is also observed, but no significant bony abnormalities are noted. The heart size appears within normal limits.

**Impression:**  
The findings suggest the presence of left perihilar opacity with associated linear atelectasis and peribronchial thickening. The prominent pulmonary vasculature may indicate increased blood flow or congestion. No acute processes such as effusion or pneumothorax are identified. Further clinical correlation may be warranted to evaluate the significance of the observed opacities."
160,"You are a board-certified radiologist.

You are given a structured context for a chest X-ray:
You are a radiology report generator. Produce a factual, structured chest X-ray report using the following multimodal evidence:

### 1. Image-derived alignment concepts:
airspace opacity, right lower zone opacity, pleural thickening, focal opacity, peribronchial thickening, ground glass opacity, prominent pulmonary vasculature, linear atelectasis pattern

### 2. GNN disease priors (top predictions):
None

### 3. Knowledge-graph reasoning evidence:
None

### 4. Anatomical context extracted from KG:
None

### TASK:
Generate a complete, clinically accurate radiology report with the following sections:
- Findings
- Impression

Use the evidence above to avoid hallucinations and ensure factual consistency.

TASK:
- Generate a complete, clinically coherent radiology REPORT.
- Include two sections with headings: ""Findings:"" and ""Impression:"".
- Be factual and conservative; rely ONLY on the evidence given above.
- Explicitly mention: heart size, lungs, pleura (effusion/pneumothorax), and bones/other findings.
- Avoid hallucinating new diseases not supported by the evidence.

Return ONLY the report text.",The heart is normal in size. The mediastinum is unremarkable. There is patchy infiltrate within normal right lower lobe. Mild XXXX opacities in the retrocardiac region. No large effusions or pneumothorax. Patchy right lower lobe infiltrate as well as probable left basilar infiltrate versus atelectasis.,"**Findings:**  
The chest X-ray demonstrates the following findings:  
- There is airspace opacity noted in the right lower zone, which may suggest an underlying process such as infection or inflammation.  
- Pleural thickening is observed, indicating possible chronic changes or previous pleural disease.  
- Focal opacity is present, which may require further evaluation to determine its etiology.  
- Peribronchial thickening is noted, which can be associated with bronchial inflammation or infection.  
- Ground glass opacity is seen, which may indicate a variety of conditions including interstitial lung disease or pulmonary edema.  
- The pulmonary vasculature appears prominent, which could suggest increased blood flow or congestion.  
- A linear atelectasis pattern is observed, indicating areas of lung collapse, likely due to obstruction or other factors.  

Heart size is within normal limits. The lungs show the aforementioned opacities and thickening without evidence of acute effusion or pneumothorax. The pleura appears thickened but without significant effusion. No acute bony abnormalities are noted.

**Impression:**  
The chest X-ray findings are suggestive of possible infectious or inflammatory processes in the right lower zone, with associated pleural thickening and peribronchial changes. The presence of ground glass opacity and prominent pulmonary vasculature may indicate underlying pulmonary pathology. Linear atelectasis suggests areas of lung collapse. Clinical correlation and possibly further imaging or follow-up may be warranted to elucidate the underlying cause of these findings."
493,"You are a board-certified radiologist.

You are given a structured context for a chest X-ray:
You are a radiology report generator. Produce a factual, structured chest X-ray report using the following multimodal evidence:

### 1. Image-derived alignment concepts:
airspace opacity, linear atelectasis pattern, enlarged cardiac silhouette, focal opacity, left perihilar opacity, ground glass opacity, prominent pulmonary vasculature, right lower zone opacity

### 2. GNN disease priors (top predictions):
None

### 3. Knowledge-graph reasoning evidence:
None

### 4. Anatomical context extracted from KG:
None

### TASK:
Generate a complete, clinically accurate radiology report with the following sections:
- Findings
- Impression

Use the evidence above to avoid hallucinations and ensure factual consistency.

TASK:
- Generate a complete, clinically coherent radiology REPORT.
- Include two sections with headings: ""Findings:"" and ""Impression:"".
- Be factual and conservative; rely ONLY on the evidence given above.
- Explicitly mention: heart size, lungs, pleura (effusion/pneumothorax), and bones/other findings.
- Avoid hallucinating new diseases not supported by the evidence.

Return ONLY the report text.",Stable appearing bilateral calcified lymph XXXX. The cardiac silhouette and mediastinal contours are within normal limits. No focal opacity. No large pleural effusion. There is no pneumothorax. No acute cardiopulmonary abnormality.,"**Findings:**  
The chest X-ray demonstrates an enlarged cardiac silhouette. There is evidence of airspace opacity in the right lower zone, accompanied by a linear atelectasis pattern. Additionally, a focal opacity is noted in the left perihilar region, with associated ground glass opacity present. The pulmonary vasculature appears prominent. No pleural effusion or pneumothorax is identified. The bony structures are unremarkable.

**Impression:**  
The findings suggest possible consolidation or infection in the right lower lobe, with associated atelectasis. The enlarged cardiac silhouette may indicate cardiomegaly. The left perihilar opacity and ground glass opacity warrant further clinical correlation to rule out any underlying pathology. Overall, the findings are suggestive of pulmonary involvement without evidence of pleural effusion or pneumothorax."
1075,"You are a board-certified radiologist.

You are given a structured context for a chest X-ray:
You are a radiology report generator. Produce a factual, structured chest X-ray report using the following multimodal evidence:

### 1. Image-derived alignment concepts:
airspace opacity, pleural thickening, peribronchial thickening, clear lung fields, left perihilar opacity, prominent pulmonary vasculature, diffuse increased density, focal opacity

### 2. GNN disease priors (top predictions):
None

### 3. Knowledge-graph reasoning evidence:
None

### 4. Anatomical context extracted from KG:
None

### TASK:
Generate a complete, clinically accurate radiology report with the following sections:
- Findings
- Impression

Use the evidence above to avoid hallucinations and ensure factual consistency.

TASK:
- Generate a complete, clinically coherent radiology REPORT.
- Include two sections with headings: ""Findings:"" and ""Impression:"".
- Be factual and conservative; rely ONLY on the evidence given above.
- Explicitly mention: heart size, lungs, pleura (effusion/pneumothorax), and bones/other findings.
- Avoid hallucinating new diseases not supported by the evidence.

Return ONLY the report text.","Lungs are hyperinflated with interstitial changes of severe emphysema. There is an ill-defined pleural parenchymal opacity in the left upper lobe. This may represent scarring but is incompletely evaluated on the outside study, without coronal and sagittal reformats. There is mild XXXX scarring and/or atelectasis in the lung bases. Lungs otherwise grossly clear. There is no pneumothorax or pleural effusion. Heart size is normal. There are mild degenerative endplate changes in the thoracic spine. There is generalized osteopenia. 1. Severe emphysema. 2. Irregular, pleural-parenchymal opacity in left upper lobe. This may irregular pleural-parenchymal scarring, however, recommend comparison with more remote outside imaging, if available to determine long-term stability. If none are available, recommend short-term XXXX in 3 to 4 months. Evaluation of coronal and sagittal reformatted images from the outside study would also be helpful. These were not XXXX available at the outside institution. Malignancy cannot be confidently excluded on the available images.","**Findings:**  
The chest X-ray demonstrates clear lung fields with no evidence of significant airspace opacity. There is a left perihilar opacity noted, which may represent a focal opacity. The pulmonary vasculature appears prominent, suggesting increased vascularity. There is no evidence of pleural effusion or pneumothorax, and the pleura show no thickening. The heart size is within normal limits. No bony abnormalities are identified.

**Impression:**  
The chest X-ray shows a left perihilar opacity with prominent pulmonary vasculature. There are no signs of pleural effusion or pneumothorax, and the heart size is normal. Further clinical correlation may be warranted to evaluate the significance of the left perihilar opacity."
3128,"You are a board-certified radiologist.

You are given a structured context for a chest X-ray:
You are a radiology report generator. Produce a factual, structured chest X-ray report using the following multimodal evidence:

### 1. Image-derived alignment concepts:
prominent pulmonary vasculature, linear atelectasis pattern, airspace opacity, left perihilar opacity, clear lung fields, focal opacity, peribronchial thickening, pleural thickening

### 2. GNN disease priors (top predictions):
None

### 3. Knowledge-graph reasoning evidence:
None

### 4. Anatomical context extracted from KG:
None

### TASK:
Generate a complete, clinically accurate radiology report with the following sections:
- Findings
- Impression

Use the evidence above to avoid hallucinations and ensure factual consistency.

TASK:
- Generate a complete, clinically coherent radiology REPORT.
- Include two sections with headings: ""Findings:"" and ""Impression:"".
- Be factual and conservative; rely ONLY on the evidence given above.
- Explicitly mention: heart size, lungs, pleura (effusion/pneumothorax), and bones/other findings.
- Avoid hallucinating new diseases not supported by the evidence.

Return ONLY the report text.","Calcified left hilar lymph XXXX XXXX from prior granulomatous disease. The cardiomediastinal silhouette is within normal limits for size. Pulmonary vasculature is within normal limits. No focal consolidations, effusions, or pneumothoraces. No acute bony abnormality. No acute cardiopulmonary abnormality.","**Findings:**  
The heart size is within normal limits. The lungs demonstrate prominent pulmonary vasculature with clear lung fields overall. There is a linear atelectasis pattern noted, along with airspace opacity and a focal opacity in the left perihilar region. Additionally, there is evidence of peribronchial thickening and pleural thickening. No pleural effusion or pneumothorax is observed. The bony structures appear unremarkable with no acute osseous abnormalities identified.

**Impression:**  
The findings suggest linear atelectasis and focal opacity in the left perihilar region, which may indicate an underlying process such as infection or inflammation. The prominent pulmonary vasculature and peribronchial thickening may suggest increased vascularity or bronchial wall inflammation. No significant pleural effusion or pneumothorax is present. Further clinical correlation may be warranted based on the patient's symptoms and history."
3599,"You are a board-certified radiologist.

You are given a structured context for a chest X-ray:
You are a radiology report generator. Produce a factual, structured chest X-ray report using the following multimodal evidence:

### 1. Image-derived alignment concepts:
airspace opacity, prominent pulmonary vasculature, linear atelectasis pattern, left perihilar opacity, clear lung fields, aortic calcification, focal opacity, ground glass opacity

### 2. GNN disease priors (top predictions):
None

### 3. Knowledge-graph reasoning evidence:
None

### 4. Anatomical context extracted from KG:
None

### TASK:
Generate a complete, clinically accurate radiology report with the following sections:
- Findings
- Impression

Use the evidence above to avoid hallucinations and ensure factual consistency.

TASK:
- Generate a complete, clinically coherent radiology REPORT.
- Include two sections with headings: ""Findings:"" and ""Impression:"".
- Be factual and conservative; rely ONLY on the evidence given above.
- Explicitly mention: heart size, lungs, pleura (effusion/pneumothorax), and bones/other findings.
- Avoid hallucinating new diseases not supported by the evidence.

Return ONLY the report text.","There are intact midline sternotomy XXXX and postsurgical changes of prior CABG. The aorta is unfolded. The heart size and cardiomediastinal silhouette are normal. There is no focal airspace opacity, pleural effusion, or pneumothorax. There are mild degenerative changes in the thoracic spine. No acute cardiopulmonary finding.","**Findings:**  
The heart size is within normal limits. The lungs demonstrate clear lung fields bilaterally with no evidence of effusion or pneumothorax. There is a prominent pulmonary vasculature noted, along with a left perihilar opacity and a linear atelectasis pattern. Additionally, there is a focal opacity observed, and ground glass opacity is present in the lung fields. Aortic calcification is noted, which is consistent with age-related changes. No significant bony abnormalities are identified.

**Impression:**  
The chest X-ray shows clear lung fields with prominent pulmonary vasculature and a left perihilar opacity, suggestive of possible localized pathology. The presence of linear atelectasis and ground glass opacity may indicate underlying lung parenchymal changes. Aortic calcification is noted, likely representing benign age-related changes. Overall, there are no acute findings of effusion or pneumothorax. Further clinical correlation may be warranted based on the patient's symptoms and history."
1784,"You are a board-certified radiologist.

You are given a structured context for a chest X-ray:
You are a radiology report generator. Produce a factual, structured chest X-ray report using the following multimodal evidence:

### 1. Image-derived alignment concepts:
prominent pulmonary vasculature, peribronchial thickening, left perihilar opacity, airspace opacity, clear lung fields, linear atelectasis pattern, focal opacity, pleural thickening

### 2. GNN disease priors (top predictions):
None

### 3. Knowledge-graph reasoning evidence:
None

### 4. Anatomical context extracted from KG:
None

### TASK:
Generate a complete, clinically accurate radiology report with the following sections:
- Findings
- Impression

Use the evidence above to avoid hallucinations and ensure factual consistency.

TASK:
- Generate a complete, clinically coherent radiology REPORT.
- Include two sections with headings: ""Findings:"" and ""Impression:"".
- Be factual and conservative; rely ONLY on the evidence given above.
- Explicitly mention: heart size, lungs, pleura (effusion/pneumothorax), and bones/other findings.
- Avoid hallucinating new diseases not supported by the evidence.

Return ONLY the report text.","Heart size is normal. No nodules, masses, or adenopathy. Calcified right paratracheal and right hilar lymph XXXX unchanged.","**Findings:**  
The heart size is within normal limits. The lungs demonstrate prominent pulmonary vasculature with clear lung fields overall. There is evidence of peribronchial thickening and a left perihilar opacity, suggestive of possible localized pathology. Additionally, there is an airspace opacity noted, which may indicate an area of consolidation or other pathology. A linear atelectasis pattern is observed, and there is focal opacity present. The pleura show thickening, but there is no evidence of effusion or pneumothorax. The bony structures appear unremarkable with no acute osseous abnormalities noted.

**Impression:**  
The chest X-ray findings suggest the presence of peribronchial thickening and left perihilar opacity, which may warrant further clinical correlation. The prominent pulmonary vasculature and airspace opacity could indicate underlying pulmonary pathology. The linear atelectasis pattern and focal opacity may also require further evaluation. Pleural thickening is noted without signs of effusion or pneumothorax. Overall, these findings should be interpreted in the clinical context for appropriate management."
2750,"You are a board-certified radiologist.

You are given a structured context for a chest X-ray:
You are a radiology report generator. Produce a factual, structured chest X-ray report using the following multimodal evidence:

### 1. Image-derived alignment concepts:
airspace opacity, pleural thickening, focal opacity, right lower zone opacity, linear atelectasis pattern, prominent pulmonary vasculature, clear lung fields, healed rib deformity

### 2. GNN disease priors (top predictions):
None

### 3. Knowledge-graph reasoning evidence:
None

### 4. Anatomical context extracted from KG:
None

### TASK:
Generate a complete, clinically accurate radiology report with the following sections:
- Findings
- Impression

Use the evidence above to avoid hallucinations and ensure factual consistency.

TASK:
- Generate a complete, clinically coherent radiology REPORT.
- Include two sections with headings: ""Findings:"" and ""Impression:"".
- Be factual and conservative; rely ONLY on the evidence given above.
- Explicitly mention: heart size, lungs, pleura (effusion/pneumothorax), and bones/other findings.
- Avoid hallucinating new diseases not supported by the evidence.

Return ONLY the report text.","13 - 14 mm ring-shaped opacity with central lucency, seen with certainty on PA view only, projects over right midlung. Uncertain if this represent something within the lung or external to the patient. There is also a 5 mm nodular opacity projecting over the left upper lung at the level of AP XXXX. These findings could be further evaluated XXXX if clinically indicated. No acute airspace disease. Mediastinal contour normal limits. No effusions.","**Findings:**  
The chest X-ray demonstrates clear lung fields bilaterally with no evidence of acute infiltrates or consolidations. There is a focal opacity noted in the right lower zone, which may represent an area of airspace opacity. Additionally, there is a linear atelectasis pattern observed, suggesting some degree of lung volume loss. The pulmonary vasculature appears prominent, which may indicate increased blood flow or vascular congestion. The pleura show thickening, but there is no evidence of pleural effusion or pneumothorax. The heart size is within normal limits. There is a noted healed rib deformity, which is likely an incidental finding.

**Impression:**  
1. Clear lung fields with a focal opacity in the right lower zone, possibly representing airspace opacity.  
2. Linear atelectasis pattern present, indicating potential volume loss in the affected area.  
3. Prominent pulmonary vasculature without signs of acute pathology.  
4. Pleural thickening observed, but no effusion or pneumothorax detected.  
5. Heart size is normal.  
6. Healed rib deformity noted, likely an incidental finding."
35,"You are a board-certified radiologist.

You are given a structured context for a chest X-ray:
You are a radiology report generator. Produce a factual, structured chest X-ray report using the following multimodal evidence:

### 1. Image-derived alignment concepts:
airspace opacity, prominent pulmonary vasculature, left perihilar opacity, linear atelectasis pattern, clear lung fields, pleural thickening, focal opacity, ground glass opacity

### 2. GNN disease priors (top predictions):
None

### 3. Knowledge-graph reasoning evidence:
None

### 4. Anatomical context extracted from KG:
None

### TASK:
Generate a complete, clinically accurate radiology report with the following sections:
- Findings
- Impression

Use the evidence above to avoid hallucinations and ensure factual consistency.

TASK:
- Generate a complete, clinically coherent radiology REPORT.
- Include two sections with headings: ""Findings:"" and ""Impression:"".
- Be factual and conservative; rely ONLY on the evidence given above.
- Explicitly mention: heart size, lungs, pleura (effusion/pneumothorax), and bones/other findings.
- Avoid hallucinating new diseases not supported by the evidence.

Return ONLY the report text.","The heart size and cardiomediastinal silhouette are normal. There is hyperexpansion of the lungs with flattening of the hemidiaphragms. There is no focal airspace opacity, pleural effusion, or pneumothorax. There multilevel degenerative changes of thoracic spine. Emphysema, however no acute cardiopulmonary finding.","**Findings:**  
The chest X-ray demonstrates clear lung fields with no evidence of significant airspace opacity. There is a prominent pulmonary vasculature noted, which may suggest increased blood flow or vascular congestion. A left perihilar opacity is observed, which could indicate a localized process in that region. Additionally, a linear atelectasis pattern is present, suggesting areas of lung collapse. Pleural thickening is noted, but there is no evidence of pleural effusion or pneumothorax. The heart size appears within normal limits, and there are no significant abnormalities identified in the bones or surrounding structures.

**Impression:**  
The chest X-ray findings are suggestive of a left perihilar opacity with associated linear atelectasis and pleural thickening. The prominent pulmonary vasculature may indicate increased vascularity. No acute processes such as effusion or pneumothorax are identified. Overall, the heart size is normal, and the lung fields are clear aside from the noted findings. Further clinical correlation may be warranted to determine the significance of the left perihilar opacity."
1905,"You are a board-certified radiologist.

You are given a structured context for a chest X-ray:
You are a radiology report generator. Produce a factual, structured chest X-ray report using the following multimodal evidence:

### 1. Image-derived alignment concepts:
enlarged cardiac silhouette, pleural thickening, airspace opacity, left perihilar opacity, linear atelectasis pattern, clear lung fields, focal opacity, prominent pulmonary vasculature

### 2. GNN disease priors (top predictions):
None

### 3. Knowledge-graph reasoning evidence:
None

### 4. Anatomical context extracted from KG:
None

### TASK:
Generate a complete, clinically accurate radiology report with the following sections:
- Findings
- Impression

Use the evidence above to avoid hallucinations and ensure factual consistency.

TASK:
- Generate a complete, clinically coherent radiology REPORT.
- Include two sections with headings: ""Findings:"" and ""Impression:"".
- Be factual and conservative; rely ONLY on the evidence given above.
- Explicitly mention: heart size, lungs, pleura (effusion/pneumothorax), and bones/other findings.
- Avoid hallucinating new diseases not supported by the evidence.

Return ONLY the report text.","Enlarged cardiac contour, stable. Calcified vasculature. Sequelae of prior granulomatous disease. No confluent consolidation, pleural effusion, or overt pulmonary edema. Mild thoracic spondylosis. No acute findings. Stable cardiac enlargement.","**Findings:**  
The cardiac silhouette is enlarged, suggesting possible cardiomegaly. There is pleural thickening noted, but no significant effusion or pneumothorax is observed. The lung fields are generally clear, with the exception of a left perihilar opacity and a linear atelectasis pattern. Prominent pulmonary vasculature is also evident. Focal opacity is present, but no additional abnormalities in the bones or other structures are noted.

**Impression:**  
Enlarged cardiac silhouette consistent with cardiomegaly. Pleural thickening without significant effusion. Clear lung fields with left perihilar opacity and linear atelectasis pattern. Prominent pulmonary vasculature observed. No acute bony abnormalities detected. Further clinical correlation may be warranted to evaluate the significance of the findings."
2733,"You are a board-certified radiologist.

You are given a structured context for a chest X-ray:
You are a radiology report generator. Produce a factual, structured chest X-ray report using the following multimodal evidence:

### 1. Image-derived alignment concepts:
pleural thickening, airspace opacity, right lower zone opacity, linear atelectasis pattern, clear lung fields, peribronchial thickening, healed rib deformity, diffuse increased density

### 2. GNN disease priors (top predictions):
None

### 3. Knowledge-graph reasoning evidence:
None

### 4. Anatomical context extracted from KG:
None

### TASK:
Generate a complete, clinically accurate radiology report with the following sections:
- Findings
- Impression

Use the evidence above to avoid hallucinations and ensure factual consistency.

TASK:
- Generate a complete, clinically coherent radiology REPORT.
- Include two sections with headings: ""Findings:"" and ""Impression:"".
- Be factual and conservative; rely ONLY on the evidence given above.
- Explicitly mention: heart size, lungs, pleura (effusion/pneumothorax), and bones/other findings.
- Avoid hallucinating new diseases not supported by the evidence.

Return ONLY the report text.","Bibasilar airspace opacities, right greater than left. The heart size and mediastinal silhouette are within normal limits for contour. No pneumothorax or pleural effusions. The XXXX are intact. Bibasilar airspace opacities, right greater than left. These findings are concerning for pneumonia.","**Findings:**  
The heart size is within normal limits. The lungs demonstrate clear lung fields bilaterally, with the exception of noted right lower zone opacity and a linear atelectasis pattern. There is evidence of pleural thickening, and peribronchial thickening is also observed. No significant effusion or pneumothorax is identified. Additionally, there is a healed rib deformity present, and diffuse increased density is noted in the lung fields.

**Impression:**  
The chest X-ray shows right lower zone opacity with associated linear atelectasis, pleural thickening, and peribronchial thickening. The findings are suggestive of chronic changes, possibly related to prior inflammatory processes. No acute pathology such as effusion or pneumothorax is present. The healed rib deformity is noted but is not contributing to any acute findings. Further clinical correlation may be warranted based on the patient's history and symptoms."
1159,"You are a board-certified radiologist.

You are given a structured context for a chest X-ray:
You are a radiology report generator. Produce a factual, structured chest X-ray report using the following multimodal evidence:

### 1. Image-derived alignment concepts:
clear lung fields, linear atelectasis pattern, right lower zone opacity, focal opacity, left perihilar opacity, ground glass opacity, prominent pulmonary vasculature, diffuse increased density

### 2. GNN disease priors (top predictions):
None

### 3. Knowledge-graph reasoning evidence:
None

### 4. Anatomical context extracted from KG:
None

### TASK:
Generate a complete, clinically accurate radiology report with the following sections:
- Findings
- Impression

Use the evidence above to avoid hallucinations and ensure factual consistency.

TASK:
- Generate a complete, clinically coherent radiology REPORT.
- Include two sections with headings: ""Findings:"" and ""Impression:"".
- Be factual and conservative; rely ONLY on the evidence given above.
- Explicitly mention: heart size, lungs, pleura (effusion/pneumothorax), and bones/other findings.
- Avoid hallucinating new diseases not supported by the evidence.

Return ONLY the report text.",Lungs are clear. There is no pneumothorax or pleural effusion. The heart and mediastinum are within normal limits. Bony structures are intact. No acute cardiopulmonary process.,"**Findings:**  
The chest X-ray demonstrates clear lung fields overall, with the exception of several notable findings. There is a linear atelectasis pattern observed, particularly in the right lower zone, where a focal opacity is also present. Additionally, there is a left perihilar opacity noted. Ground glass opacity is seen in the lung fields, and there is prominent pulmonary vasculature. The overall lung density appears diffusely increased. The heart size is within normal limits, and there are no signs of pleural effusion or pneumothorax. The bony structures are unremarkable with no acute osseous abnormalities identified.

**Impression:**  
The findings suggest the presence of linear atelectasis in the right lower zone with associated focal opacity, as well as a left perihilar opacity and ground glass opacities. The prominent pulmonary vasculature and diffuse increased density may indicate underlying pathology, but no specific disease is identified based on the current evidence. Heart size is normal, and there are no pleural effusions or pneumothorax. Further clinical correlation and possibly additional imaging may be warranted to evaluate the significance of the observed opacities."
1028,"You are a board-certified radiologist.

You are given a structured context for a chest X-ray:
You are a radiology report generator. Produce a factual, structured chest X-ray report using the following multimodal evidence:

### 1. Image-derived alignment concepts:
enlarged cardiac silhouette, airspace opacity, pleural thickening, focal opacity, linear atelectasis pattern, clear lung fields, ground glass opacity, left perihilar opacity

### 2. GNN disease priors (top predictions):
None

### 3. Knowledge-graph reasoning evidence:
None

### 4. Anatomical context extracted from KG:
None

### TASK:
Generate a complete, clinically accurate radiology report with the following sections:
- Findings
- Impression

Use the evidence above to avoid hallucinations and ensure factual consistency.

TASK:
- Generate a complete, clinically coherent radiology REPORT.
- Include two sections with headings: ""Findings:"" and ""Impression:"".
- Be factual and conservative; rely ONLY on the evidence given above.
- Explicitly mention: heart size, lungs, pleura (effusion/pneumothorax), and bones/other findings.
- Avoid hallucinating new diseases not supported by the evidence.

Return ONLY the report text.","Cardiac and mediastinal contours are within normal limits. The lungs are clear. Acromioclavicular arthritis is present, XXXX severe. No acute preoperative findings.","**Findings:**  
The chest X-ray demonstrates an enlarged cardiac silhouette. There are areas of airspace opacity noted, particularly in the left perihilar region, which may suggest a focal opacity. Additionally, there is evidence of pleural thickening. A linear atelectasis pattern is observed, but the lung fields otherwise appear clear. Ground glass opacity is also present, contributing to the overall findings.

No significant pleural effusion or pneumothorax is identified. The bony structures appear unremarkable with no acute osseous abnormalities noted.

**Impression:**  
The findings suggest an enlarged cardiac silhouette with associated left perihilar opacity and pleural thickening. The presence of airspace opacity and linear atelectasis may indicate underlying pulmonary pathology. Further clinical correlation and possible follow-up imaging may be warranted to evaluate the significance of these findings."
233,"You are a board-certified radiologist.

You are given a structured context for a chest X-ray:
You are a radiology report generator. Produce a factual, structured chest X-ray report using the following multimodal evidence:

### 1. Image-derived alignment concepts:
enlarged cardiac silhouette, linear atelectasis pattern, pleural thickening, airspace opacity, focal opacity, diffuse increased density, healed rib deformity, prominent pulmonary vasculature

### 2. GNN disease priors (top predictions):
None

### 3. Knowledge-graph reasoning evidence:
None

### 4. Anatomical context extracted from KG:
None

### TASK:
Generate a complete, clinically accurate radiology report with the following sections:
- Findings
- Impression

Use the evidence above to avoid hallucinations and ensure factual consistency.

TASK:
- Generate a complete, clinically coherent radiology REPORT.
- Include two sections with headings: ""Findings:"" and ""Impression:"".
- Be factual and conservative; rely ONLY on the evidence given above.
- Explicitly mention: heart size, lungs, pleura (effusion/pneumothorax), and bones/other findings.
- Avoid hallucinating new diseases not supported by the evidence.

Return ONLY the report text.","Atrial septal occluder artifact. Rotated frontal position, overall heart size within normal limits, no typical findings of pulmonary edema. XXXX densities in the left base, small focal XXXX opacity in the right base with focal posterior right hemidiaphragm elevation and obscured right costophrenic XXXX. Biapical pleuroparenchymal irregularities most compatible with scarring, chronic appearing right 5th rib contour deformity. No pneumothorax seen. 1. XXXX densities in left base may be compatible with scarring or subsegmental atelectasis 2. Abnormal opacity in the right base XXXX due at XXXX in part to atelectasis with right hemidiaphragm eventration, question small right pleural effusion","**Findings:**  
The cardiac silhouette is enlarged, suggesting possible cardiomegaly. The lungs demonstrate a linear atelectasis pattern, with areas of airspace opacity and focal opacity noted, indicating potential underlying pathology. There is diffuse increased density throughout the lung fields, which may suggest interstitial processes or other lung pathology. Pleural thickening is observed, but there is no evidence of pleural effusion or pneumothorax. The pulmonary vasculature appears prominent, which may correlate with increased blood flow or congestion. Additionally, there is a healed rib deformity noted, which is likely an incidental finding.

**Impression:**  
Enlarged cardiac silhouette consistent with cardiomegaly. Linear atelectasis and areas of airspace opacity suggest possible underlying lung pathology. Diffuse increased density may indicate interstitial lung disease or other processes. Pleural thickening is present without evidence of effusion or pneumothorax. Prominent pulmonary vasculature may indicate increased blood flow or congestion. Healed rib deformity is noted as an incidental finding. Further clinical correlation may be warranted based on the patient's history and symptoms."
1005,"You are a board-certified radiologist.

You are given a structured context for a chest X-ray:
You are a radiology report generator. Produce a factual, structured chest X-ray report using the following multimodal evidence:

### 1. Image-derived alignment concepts:
prominent pulmonary vasculature, clear lung fields, airspace opacity, left perihilar opacity, linear atelectasis pattern, pleural thickening, focal opacity, right lower zone opacity

### 2. GNN disease priors (top predictions):
None

### 3. Knowledge-graph reasoning evidence:
None

### 4. Anatomical context extracted from KG:
None

### TASK:
Generate a complete, clinically accurate radiology report with the following sections:
- Findings
- Impression

Use the evidence above to avoid hallucinations and ensure factual consistency.

TASK:
- Generate a complete, clinically coherent radiology REPORT.
- Include two sections with headings: ""Findings:"" and ""Impression:"".
- Be factual and conservative; rely ONLY on the evidence given above.
- Explicitly mention: heart size, lungs, pleura (effusion/pneumothorax), and bones/other findings.
- Avoid hallucinating new diseases not supported by the evidence.

Return ONLY the report text.",Cardiac and mediastinal contours are within normal limits. The lungs are clear. Bony structures are intact. No acute findings.,"**Findings:**  
The heart size is within normal limits. The lungs demonstrate clear lung fields bilaterally, although there is notable prominent pulmonary vasculature. There is a left perihilar opacity observed, along with a focal opacity in the right lower zone. A linear atelectasis pattern is present, and there is evidence of pleural thickening. No pleural effusion or pneumothorax is identified. The bony structures appear unremarkable with no acute osseous abnormalities noted.

**Impression:**  
The chest X-ray shows clear lung fields with prominent pulmonary vasculature and a left perihilar opacity, which may suggest localized pathology. The presence of linear atelectasis and pleural thickening warrants further clinical correlation. No significant pleural effusion or pneumothorax is observed. Overall, the findings are suggestive of possible underlying lung pathology that may require further evaluation."
3921,"You are a board-certified radiologist.

You are given a structured context for a chest X-ray:
You are a radiology report generator. Produce a factual, structured chest X-ray report using the following multimodal evidence:

### 1. Image-derived alignment concepts:
airspace opacity, linear atelectasis pattern, healed rib deformity, right lower zone opacity, left perihilar opacity, ground glass opacity, clear lung fields, focal opacity

### 2. GNN disease priors (top predictions):
None

### 3. Knowledge-graph reasoning evidence:
None

### 4. Anatomical context extracted from KG:
None

### TASK:
Generate a complete, clinically accurate radiology report with the following sections:
- Findings
- Impression

Use the evidence above to avoid hallucinations and ensure factual consistency.

TASK:
- Generate a complete, clinically coherent radiology REPORT.
- Include two sections with headings: ""Findings:"" and ""Impression:"".
- Be factual and conservative; rely ONLY on the evidence given above.
- Explicitly mention: heart size, lungs, pleura (effusion/pneumothorax), and bones/other findings.
- Avoid hallucinating new diseases not supported by the evidence.

Return ONLY the report text.","The lungs are clear bilaterally. Specifically, no evidence of focal consolidation, pneumothorax, or pleural effusion.. Cardio mediastinal silhouette is unremarkable. Visualized osseous structures of the thorax are without acute abnormality. Left-sided PICC line has been placed in the interval with tip XXXX in the innominate vein. 1. No acute cardiopulmonary abnormality.. 2. Interval placement of left-sided PICC line with tip XXXX in the innominate vein.","**Findings:**  
The chest X-ray demonstrates clear lung fields bilaterally with no evidence of pleural effusion or pneumothorax. There is a focal opacity noted in the right lower zone, as well as a left perihilar opacity. Additionally, a linear atelectasis pattern is observed. Ground glass opacity is present, but no acute infiltrates are identified. The heart size appears within normal limits. There is a healed rib deformity noted, with no acute bony abnormalities.

**Impression:**  
The findings suggest the presence of focal opacities in the right lower zone and left perihilar region, which may warrant further clinical correlation. The linear atelectasis pattern and ground glass opacity could indicate underlying pathology that should be evaluated. The heart size is normal, and there are no signs of pleural effusion or pneumothorax. The healed rib deformity is noted but is not acute in nature. Overall, the lung fields are clear, and no significant acute disease is identified."
3467,"You are a board-certified radiologist.

You are given a structured context for a chest X-ray:
You are a radiology report generator. Produce a factual, structured chest X-ray report using the following multimodal evidence:

### 1. Image-derived alignment concepts:
airspace opacity, focal opacity, prominent pulmonary vasculature, pleural thickening, left perihilar opacity, clear lung fields, ground glass opacity, linear atelectasis pattern

### 2. GNN disease priors (top predictions):
None

### 3. Knowledge-graph reasoning evidence:
None

### 4. Anatomical context extracted from KG:
None

### TASK:
Generate a complete, clinically accurate radiology report with the following sections:
- Findings
- Impression

Use the evidence above to avoid hallucinations and ensure factual consistency.

TASK:
- Generate a complete, clinically coherent radiology REPORT.
- Include two sections with headings: ""Findings:"" and ""Impression:"".
- Be factual and conservative; rely ONLY on the evidence given above.
- Explicitly mention: heart size, lungs, pleura (effusion/pneumothorax), and bones/other findings.
- Avoid hallucinating new diseases not supported by the evidence.

Return ONLY the report text.",The lungs are clear. The heart and pulmonary XXXX are normal. Pleural spaces are clear. The mediastinal contours are normal. There is calcification of the thoracic aorta. No acute cardiopulmonary disease. No evidence of pneumonia.,"**Findings:**  
The chest X-ray demonstrates clear lung fields bilaterally with no evidence of significant airspace opacity or focal opacity. There is a noted prominence of the pulmonary vasculature, which may suggest increased blood flow or vascular congestion. No pleural effusion or pneumothorax is observed, and the pleura appears unremarkable with no thickening noted. The heart size is within normal limits. There is a linear atelectasis pattern present, but no ground glass opacity is identified.

**Impression:**  
The chest X-ray shows clear lung fields with prominent pulmonary vasculature and a linear atelectasis pattern. Heart size is normal, and there are no signs of pleural effusion or pneumothorax. Overall, the findings are suggestive of no acute pathology. Further clinical correlation may be warranted based on the prominence of the pulmonary vasculature."
215,"You are a board-certified radiologist.

You are given a structured context for a chest X-ray:
You are a radiology report generator. Produce a factual, structured chest X-ray report using the following multimodal evidence:

### 1. Image-derived alignment concepts:
enlarged cardiac silhouette, airspace opacity, left perihilar opacity, focal opacity, prominent pulmonary vasculature, ground glass opacity, clear lung fields, diffuse increased density

### 2. GNN disease priors (top predictions):
None

### 3. Knowledge-graph reasoning evidence:
None

### 4. Anatomical context extracted from KG:
None

### TASK:
Generate a complete, clinically accurate radiology report with the following sections:
- Findings
- Impression

Use the evidence above to avoid hallucinations and ensure factual consistency.

TASK:
- Generate a complete, clinically coherent radiology REPORT.
- Include two sections with headings: ""Findings:"" and ""Impression:"".
- Be factual and conservative; rely ONLY on the evidence given above.
- Explicitly mention: heart size, lungs, pleura (effusion/pneumothorax), and bones/other findings.
- Avoid hallucinating new diseases not supported by the evidence.

Return ONLY the report text.",Stable cardiomegaly. XXXX sternotomy XXXX are intact. No pneumothorax or pleural effusion. XXXX calcific density in the left mid to upper lung XXXX represents old granulomatous disease. No focal consolidation. Stable moderate thoracic levoscoliosis and mild thoracolumbar dextroscoliosis. 1. Stable cardiomegaly with no focal airspace disease. 2. Stable moderate thoracic levoscoliosis and mild thoracolumbar dextroscoliosis. .,"**Findings:**  
The cardiac silhouette is enlarged, indicating possible cardiomegaly. There is notable airspace opacity in the left perihilar region, accompanied by a focal opacity that may suggest an underlying process in that area. Prominent pulmonary vasculature is observed, which could indicate increased blood flow or congestion. Ground glass opacity is present, contributing to a diffuse increased density throughout the lung fields. However, the remaining lung fields appear clear without any signs of effusion or pneumothorax. The pleura is unremarkable. No significant abnormalities are noted in the bones or other structures visualized in the chest X-ray.

**Impression:**  
The findings suggest an enlarged cardiac silhouette with associated pulmonary changes, including left perihilar airspace opacity and ground glass opacity. The prominent pulmonary vasculature may indicate congestion. Overall, there are no signs of pleural effusion or pneumothorax. Further clinical correlation and possible follow-up imaging may be warranted to evaluate the underlying cause of these findings."
3439,"You are a board-certified radiologist.

You are given a structured context for a chest X-ray:
You are a radiology report generator. Produce a factual, structured chest X-ray report using the following multimodal evidence:

### 1. Image-derived alignment concepts:
linear atelectasis pattern, focal opacity, airspace opacity, clear lung fields, pleural thickening, prominent pulmonary vasculature, ground glass opacity, right lower zone opacity

### 2. GNN disease priors (top predictions):
None

### 3. Knowledge-graph reasoning evidence:
None

### 4. Anatomical context extracted from KG:
None

### TASK:
Generate a complete, clinically accurate radiology report with the following sections:
- Findings
- Impression

Use the evidence above to avoid hallucinations and ensure factual consistency.

TASK:
- Generate a complete, clinically coherent radiology REPORT.
- Include two sections with headings: ""Findings:"" and ""Impression:"".
- Be factual and conservative; rely ONLY on the evidence given above.
- Explicitly mention: heart size, lungs, pleura (effusion/pneumothorax), and bones/other findings.
- Avoid hallucinating new diseases not supported by the evidence.

Return ONLY the report text.",Normal heart size. Clear lungs. No pneumothorax or pleural effusion. No acute findings.,"**Findings:**  
The heart size is within normal limits. The lungs demonstrate clear lung fields overall; however, there is a linear atelectasis pattern noted in the right lower zone, accompanied by a focal opacity and airspace opacity in the same region. Additionally, there is evidence of pleural thickening. The pulmonary vasculature appears prominent. No ground glass opacity is observed. There are no signs of effusion or pneumothorax. The bony structures are unremarkable with no acute osseous abnormalities identified.

**Impression:**  
The chest X-ray shows linear atelectasis with associated focal and airspace opacities in the right lower zone, likely indicating localized lung involvement. Pleural thickening is noted, but there is no evidence of effusion or pneumothorax. The heart size is normal, and the overall lung fields are clear apart from the noted findings. Further clinical correlation may be warranted based on the patient's symptoms and history."
3522,"You are a board-certified radiologist.

You are given a structured context for a chest X-ray:
You are a radiology report generator. Produce a factual, structured chest X-ray report using the following multimodal evidence:

### 1. Image-derived alignment concepts:
airspace opacity, focal opacity, prominent pulmonary vasculature, healed rib deformity, linear atelectasis pattern, pleural thickening, clear lung fields, ground glass opacity

### 2. GNN disease priors (top predictions):
None

### 3. Knowledge-graph reasoning evidence:
None

### 4. Anatomical context extracted from KG:
None

### TASK:
Generate a complete, clinically accurate radiology report with the following sections:
- Findings
- Impression

Use the evidence above to avoid hallucinations and ensure factual consistency.

TASK:
- Generate a complete, clinically coherent radiology REPORT.
- Include two sections with headings: ""Findings:"" and ""Impression:"".
- Be factual and conservative; rely ONLY on the evidence given above.
- Explicitly mention: heart size, lungs, pleura (effusion/pneumothorax), and bones/other findings.
- Avoid hallucinating new diseases not supported by the evidence.

Return ONLY the report text.",Lungs are clear. There is no pneumothorax or pleural effusion. The heart and mediastinum are within normal limits. Bony structures are intact. No acute cardiopulmonary process.,"**Findings:**  
The chest X-ray demonstrates clear lung fields with no evidence of acute infiltrates or consolidations. There is a linear atelectasis pattern noted, which may suggest some degree of volume loss in the affected lung segments. The pulmonary vasculature appears prominent, but there are no signs of pulmonary edema or other acute processes. There is no evidence of pleural effusion or pneumothorax. The bony structures show a healed rib deformity, indicating a prior injury. No acute fractures or other bony abnormalities are observed.

**Impression:**  
The chest X-ray shows clear lung fields with linear atelectasis and prominent pulmonary vasculature. There are no signs of acute disease processes, pleural effusion, or pneumothorax. The healed rib deformity is noted. Overall, the findings are consistent with a stable chest X-ray without acute abnormalities."
525,"You are a board-certified radiologist.

You are given a structured context for a chest X-ray:
You are a radiology report generator. Produce a factual, structured chest X-ray report using the following multimodal evidence:

### 1. Image-derived alignment concepts:
airspace opacity, prominent pulmonary vasculature, linear atelectasis pattern, left perihilar opacity, clear lung fields, pleural thickening, focal opacity, peribronchial thickening

### 2. GNN disease priors (top predictions):
None

### 3. Knowledge-graph reasoning evidence:
None

### 4. Anatomical context extracted from KG:
None

### TASK:
Generate a complete, clinically accurate radiology report with the following sections:
- Findings
- Impression

Use the evidence above to avoid hallucinations and ensure factual consistency.

TASK:
- Generate a complete, clinically coherent radiology REPORT.
- Include two sections with headings: ""Findings:"" and ""Impression:"".
- Be factual and conservative; rely ONLY on the evidence given above.
- Explicitly mention: heart size, lungs, pleura (effusion/pneumothorax), and bones/other findings.
- Avoid hallucinating new diseases not supported by the evidence.

Return ONLY the report text.","No focal consolidation, no definite pleural effusion seen. Exaggerated kyphosis with increased AP dimension of the thorax, curvilinear density projected over the right anterior 3rd and 4th ribs beyond which lung markings are seen XXXX skin fold artifact. Mild aortic ectasia/tortuosity, no typical mediastinal widening to suggest vascular injury. Contour irregularity of the lateral right 9th rib of indeterminate age. 1. No acute cardiopulmonary findings. 2. Age-indeterminate fracture of the right lateral 9th rib. If findings localize to this region, suspect acute fracture.","**Findings:**  
The chest X-ray demonstrates clear lung fields bilaterally with no evidence of effusion or pneumothorax. There is a prominent pulmonary vasculature noted, which may suggest increased blood flow or vascular congestion. A linear atelectasis pattern is observed, indicating possible areas of lung collapse. Additionally, there is a left perihilar opacity that may represent an area of concern. Focal opacity is also noted, along with peribronchial thickening. The heart size appears within normal limits. No significant bony abnormalities are identified.

**Impression:**  
The findings suggest the presence of linear atelectasis and peribronchial thickening, with a notable left perihilar opacity. The prominent pulmonary vasculature may indicate increased vascularity. Overall, there are no signs of pleural effusion or pneumothorax, and the heart size is normal. Further clinical correlation may be warranted to evaluate the significance of the left perihilar opacity and the linear atelectasis."
888,"You are a board-certified radiologist.

You are given a structured context for a chest X-ray:
You are a radiology report generator. Produce a factual, structured chest X-ray report using the following multimodal evidence:

### 1. Image-derived alignment concepts:
linear atelectasis pattern, prominent pulmonary vasculature, airspace opacity, focal opacity, left perihilar opacity, clear lung fields, ground glass opacity, pleural thickening

### 2. GNN disease priors (top predictions):
None

### 3. Knowledge-graph reasoning evidence:
None

### 4. Anatomical context extracted from KG:
None

### TASK:
Generate a complete, clinically accurate radiology report with the following sections:
- Findings
- Impression

Use the evidence above to avoid hallucinations and ensure factual consistency.

TASK:
- Generate a complete, clinically coherent radiology REPORT.
- Include two sections with headings: ""Findings:"" and ""Impression:"".
- Be factual and conservative; rely ONLY on the evidence given above.
- Explicitly mention: heart size, lungs, pleura (effusion/pneumothorax), and bones/other findings.
- Avoid hallucinating new diseases not supported by the evidence.

Return ONLY the report text.",Heart size is within normal limits. No focal airspace consolidations. No pneumothorax or pleural effusion. No acute cardiopulmonary findings.,"**Findings:**  
The heart size is within normal limits. The lungs demonstrate a linear atelectasis pattern, with prominent pulmonary vasculature noted. There is evidence of airspace opacity and a focal opacity located in the left perihilar region. The lung fields are otherwise clear, with no significant ground glass opacity observed. There is pleural thickening present, but no pleural effusion or pneumothorax is identified. The bony structures appear unremarkable with no acute osseous abnormalities.

**Impression:**  
The chest X-ray shows linear atelectasis and a focal opacity in the left perihilar region, with prominent pulmonary vasculature. Pleural thickening is noted, but there is no evidence of effusion or pneumothorax. Overall, the findings suggest localized changes that may warrant further clinical correlation and possible follow-up imaging."
2830,"You are a board-certified radiologist.

You are given a structured context for a chest X-ray:
You are a radiology report generator. Produce a factual, structured chest X-ray report using the following multimodal evidence:

### 1. Image-derived alignment concepts:
airspace opacity, enlarged cardiac silhouette, pleural thickening, right lower zone opacity, focal opacity, linear atelectasis pattern, prominent pulmonary vasculature, clear lung fields

### 2. GNN disease priors (top predictions):
None

### 3. Knowledge-graph reasoning evidence:
None

### 4. Anatomical context extracted from KG:
None

### TASK:
Generate a complete, clinically accurate radiology report with the following sections:
- Findings
- Impression

Use the evidence above to avoid hallucinations and ensure factual consistency.

TASK:
- Generate a complete, clinically coherent radiology REPORT.
- Include two sections with headings: ""Findings:"" and ""Impression:"".
- Be factual and conservative; rely ONLY on the evidence given above.
- Explicitly mention: heart size, lungs, pleura (effusion/pneumothorax), and bones/other findings.
- Avoid hallucinating new diseases not supported by the evidence.

Return ONLY the report text.",Heart size is normal and lungs are clear. No infiltrates or atelectasis. Gallbladder XXXX clips.,"**Findings:**  
The chest X-ray demonstrates an enlarged cardiac silhouette. There is evidence of airspace opacity in the right lower zone, accompanied by focal opacity and a linear atelectasis pattern. The pulmonary vasculature appears prominent. The lung fields are otherwise clear, and there is no evidence of pleural effusion or pneumothorax. The pleura shows thickening, but no significant abnormalities are noted in the bones or other structures.

**Impression:**  
1. Enlarged cardiac silhouette, which may suggest cardiomegaly.  
2. Right lower zone airspace opacity with associated focal opacity and linear atelectasis, indicating possible underlying pathology such as infection or atelectasis.  
3. Prominent pulmonary vasculature without evidence of acute pulmonary edema.  
4. Pleural thickening noted, but no effusion or pneumothorax identified.  
5. Overall, the findings warrant further clinical correlation and possible follow-up imaging."
1934,"You are a board-certified radiologist.

You are given a structured context for a chest X-ray:
You are a radiology report generator. Produce a factual, structured chest X-ray report using the following multimodal evidence:

### 1. Image-derived alignment concepts:
pleural thickening, linear atelectasis pattern, retrocardiac opacity, elevated hemidiaphragm, airspace opacity, aortic calcification, enlarged cardiac silhouette, clear lung fields

### 2. GNN disease priors (top predictions):
None

### 3. Knowledge-graph reasoning evidence:
None

### 4. Anatomical context extracted from KG:
None

### TASK:
Generate a complete, clinically accurate radiology report with the following sections:
- Findings
- Impression

Use the evidence above to avoid hallucinations and ensure factual consistency.

TASK:
- Generate a complete, clinically coherent radiology REPORT.
- Include two sections with headings: ""Findings:"" and ""Impression:"".
- Be factual and conservative; rely ONLY on the evidence given above.
- Explicitly mention: heart size, lungs, pleura (effusion/pneumothorax), and bones/other findings.
- Avoid hallucinating new diseases not supported by the evidence.

Return ONLY the report text.","The heart, pulmonary XXXX and mediastinum are within normal limits. There is no pleural effusion or pneumothorax. There is no focal air space opacity to suggest a pneumonia. There is chronic left hemidiaphragm elevation. The aorta is tortuous and ectatic with atherosclerotic calcifications. Suspected left hemidiaphragm paralysis. Consider a fluoroscopic evaluation for confirmation. Consider XXXX of the neck and nasopharynx with intravenous contrast if there is no known potential XXXX. Critical result notification documented through Primordial.","**Findings:**  
The chest X-ray demonstrates an enlarged cardiac silhouette. The lungs appear clear bilaterally, with no evidence of effusion or pneumothorax. There is pleural thickening noted, along with a linear atelectasis pattern. A retrocardiac opacity is present, and the right hemidiaphragm is elevated. Additionally, airspace opacity is observed. Aortic calcification is noted, but no acute bony abnormalities are identified.

**Impression:**  
The findings suggest an enlarged cardiac silhouette, likely indicative of cardiomegaly. The presence of pleural thickening and linear atelectasis may suggest chronic changes, while the elevated right hemidiaphragm could be related to underlying pathology. The retrocardiac opacity and airspace opacity warrant further clinical correlation. No acute processes such as effusion or pneumothorax are evident. Overall, the lungs remain clear, and there are no significant bony abnormalities."
3286,"You are a board-certified radiologist.

You are given a structured context for a chest X-ray:
You are a radiology report generator. Produce a factual, structured chest X-ray report using the following multimodal evidence:

### 1. Image-derived alignment concepts:
enlarged cardiac silhouette, airspace opacity, focal opacity, prominent pulmonary vasculature, ground glass opacity, left perihilar opacity, clear lung fields, right lower zone opacity

### 2. GNN disease priors (top predictions):
None

### 3. Knowledge-graph reasoning evidence:
None

### 4. Anatomical context extracted from KG:
None

### TASK:
Generate a complete, clinically accurate radiology report with the following sections:
- Findings
- Impression

Use the evidence above to avoid hallucinations and ensure factual consistency.

TASK:
- Generate a complete, clinically coherent radiology REPORT.
- Include two sections with headings: ""Findings:"" and ""Impression:"".
- Be factual and conservative; rely ONLY on the evidence given above.
- Explicitly mention: heart size, lungs, pleura (effusion/pneumothorax), and bones/other findings.
- Avoid hallucinating new diseases not supported by the evidence.

Return ONLY the report text.","Lung volumes are low. The heart is large, the pulmonary XXXX are engorged. No infiltrates. XXXX opacity is present in the left midlung. Hypoinflation with cardiomegaly and pulmonary venous hypertension. Left mid lung focal atelectasis.","**Findings:**  
The chest X-ray demonstrates an enlarged cardiac silhouette. There is notable airspace opacity in the right lower zone, accompanied by a focal opacity and prominent pulmonary vasculature. Additionally, there is a left perihilar opacity and areas of ground glass opacity. The lung fields appear clear otherwise, with no evidence of pleural effusion or pneumothorax. The bony structures are unremarkable with no acute osseous abnormalities noted.

**Impression:**  
The findings suggest cardiomegaly with associated pulmonary vascular congestion. The right lower zone opacity may indicate an infectious or inflammatory process, while the left perihilar opacity and ground glass opacities warrant further clinical correlation. No pleural effusion or pneumothorax is observed. Further evaluation may be necessary based on clinical context."
277,"You are a board-certified radiologist.

You are given a structured context for a chest X-ray:
You are a radiology report generator. Produce a factual, structured chest X-ray report using the following multimodal evidence:

### 1. Image-derived alignment concepts:
enlarged cardiac silhouette, pleural thickening, retrocardiac opacity, focal opacity, prominent pulmonary vasculature, airspace opacity, diffuse increased density, left perihilar opacity

### 2. GNN disease priors (top predictions):
None

### 3. Knowledge-graph reasoning evidence:
None

### 4. Anatomical context extracted from KG:
None

### TASK:
Generate a complete, clinically accurate radiology report with the following sections:
- Findings
- Impression

Use the evidence above to avoid hallucinations and ensure factual consistency.

TASK:
- Generate a complete, clinically coherent radiology REPORT.
- Include two sections with headings: ""Findings:"" and ""Impression:"".
- Be factual and conservative; rely ONLY on the evidence given above.
- Explicitly mention: heart size, lungs, pleura (effusion/pneumothorax), and bones/other findings.
- Avoid hallucinating new diseases not supported by the evidence.

Return ONLY the report text.","The heart is normal in size. The mediastinum is stable. Mild biapical scarring is identified. There is a nodular density in the right midlung which is stable from prior studies and noted to represent a granuloma on XXXX of XXXX. However, additional foci in the right upper lung are questioned. There is no acute infiltrate or pleural effusion. No acute disease. Vague right upper/mid lung nodular densities versus scarring and superimposed structures. CT may be warranted given patient's history.","**Findings:**  
The cardiac silhouette is enlarged, suggesting possible cardiomegaly. There is pleural thickening noted, which may indicate chronic pleural disease. A retrocardiac opacity is present, which could represent a mass or other pathology in the retrocardiac space. Additionally, there is a focal opacity observed, which requires further evaluation to determine its etiology. The pulmonary vasculature appears prominent, indicating possible increased blood flow or congestion. Airspace opacity is noted, which may suggest an infiltrative process or consolidation. There is diffuse increased density throughout the lung fields, raising concern for potential pulmonary pathology. A left perihilar opacity is also observed, which may correlate with the findings of the enlarged cardiac silhouette or represent a separate process.

**Impression:**  
The chest X-ray demonstrates an enlarged cardiac silhouette, suggestive of cardiomegaly. There are multiple opacities, including a retrocardiac opacity and a left perihilar opacity, which warrant further investigation. Pleural thickening is noted, and the prominence of the pulmonary vasculature may indicate underlying cardiovascular issues. The presence of airspace opacity and diffuse increased density raises concern for possible pulmonary disease. Clinical correlation and further imaging may be necessary to elucidate the underlying causes of these findings."
605,"You are a board-certified radiologist.

You are given a structured context for a chest X-ray:
You are a radiology report generator. Produce a factual, structured chest X-ray report using the following multimodal evidence:

### 1. Image-derived alignment concepts:
airspace opacity, linear atelectasis pattern, focal opacity, prominent pulmonary vasculature, left perihilar opacity, pleural thickening, clear lung fields, right lower zone opacity

### 2. GNN disease priors (top predictions):
None

### 3. Knowledge-graph reasoning evidence:
None

### 4. Anatomical context extracted from KG:
None

### TASK:
Generate a complete, clinically accurate radiology report with the following sections:
- Findings
- Impression

Use the evidence above to avoid hallucinations and ensure factual consistency.

TASK:
- Generate a complete, clinically coherent radiology REPORT.
- Include two sections with headings: ""Findings:"" and ""Impression:"".
- Be factual and conservative; rely ONLY on the evidence given above.
- Explicitly mention: heart size, lungs, pleura (effusion/pneumothorax), and bones/other findings.
- Avoid hallucinating new diseases not supported by the evidence.

Return ONLY the report text.",The heart is normal in size. The mediastinum is unremarkable. Small nodular opacity left upper lobe may represent early infiltrate. The lungs are otherwise clear. There is no pleural effusion. Small nodular opacity in left upper lung may be secondary to superimposed structures or early infiltrate. Followup evaluation in 2 weeks may be helpful.,"**Findings:**  
The chest X-ray demonstrates clear lung fields bilaterally with the exception of a right lower zone opacity. There is evidence of linear atelectasis pattern noted, as well as a focal opacity in the left perihilar region. Prominent pulmonary vasculature is observed. Pleural thickening is present, but there is no evidence of pleural effusion or pneumothorax. The heart size appears within normal limits. No significant bony abnormalities are noted.

**Impression:**  
The findings suggest the presence of atelectasis and focal opacity in the left perihilar region, with associated prominent pulmonary vasculature. The right lower zone opacity may warrant further clinical correlation. Pleural thickening is noted without signs of effusion or pneumothorax. Overall, the heart size is normal, and no acute bony abnormalities are identified. Further evaluation may be considered based on clinical context."
2524,"You are a board-certified radiologist.

You are given a structured context for a chest X-ray:
You are a radiology report generator. Produce a factual, structured chest X-ray report using the following multimodal evidence:

### 1. Image-derived alignment concepts:
airspace opacity, prominent pulmonary vasculature, clear lung fields, focal opacity, pleural thickening, left perihilar opacity, peribronchial thickening, ground glass opacity

### 2. GNN disease priors (top predictions):
None

### 3. Knowledge-graph reasoning evidence:
None

### 4. Anatomical context extracted from KG:
None

### TASK:
Generate a complete, clinically accurate radiology report with the following sections:
- Findings
- Impression

Use the evidence above to avoid hallucinations and ensure factual consistency.

TASK:
- Generate a complete, clinically coherent radiology REPORT.
- Include two sections with headings: ""Findings:"" and ""Impression:"".
- Be factual and conservative; rely ONLY on the evidence given above.
- Explicitly mention: heart size, lungs, pleura (effusion/pneumothorax), and bones/other findings.
- Avoid hallucinating new diseases not supported by the evidence.

Return ONLY the report text.",The cardiac contours are normal. Prior granulomatous disease. The lungs are clear. Thoracic spondylosis. No acute process.,"**Findings:**  
The heart size is within normal limits. The lungs demonstrate clear lung fields with no evidence of significant airspace opacity. However, there is a noted left perihilar opacity, which may suggest localized pathology. Prominent pulmonary vasculature is observed, but there are no signs of pleural effusion or pneumothorax. There is no significant pleural thickening noted. Additionally, there is no evidence of focal opacity or ground glass opacity. The bones and other structures appear unremarkable.

**Impression:**  
The chest X-ray shows clear lung fields with a left perihilar opacity and prominent pulmonary vasculature. No acute abnormalities such as pleural effusion or pneumothorax are present. Overall, the findings are suggestive of localized changes without evidence of widespread disease. Further clinical correlation may be warranted based on the left perihilar opacity."
2382,"You are a board-certified radiologist.

You are given a structured context for a chest X-ray:
You are a radiology report generator. Produce a factual, structured chest X-ray report using the following multimodal evidence:

### 1. Image-derived alignment concepts:
enlarged cardiac silhouette, airspace opacity, focal opacity, diffuse increased density, left perihilar opacity, ground glass opacity, clear lung fields, retrocardiac opacity

### 2. GNN disease priors (top predictions):
None

### 3. Knowledge-graph reasoning evidence:
None

### 4. Anatomical context extracted from KG:
None

### TASK:
Generate a complete, clinically accurate radiology report with the following sections:
- Findings
- Impression

Use the evidence above to avoid hallucinations and ensure factual consistency.

TASK:
- Generate a complete, clinically coherent radiology REPORT.
- Include two sections with headings: ""Findings:"" and ""Impression:"".
- Be factual and conservative; rely ONLY on the evidence given above.
- Explicitly mention: heart size, lungs, pleura (effusion/pneumothorax), and bones/other findings.
- Avoid hallucinating new diseases not supported by the evidence.

Return ONLY the report text.",Moderate cardiomegaly with narrowed severe mediastinal contours. Been sternotomy XXXX noted. No pneumothorax. no large pleural effusions. No focal lung consolidation. 1. No acute cardiopulmonary abnormalities. 2. Moderate cardiomegaly without significant pulmonary edema.,"**Findings:**  
The chest X-ray demonstrates an enlarged cardiac silhouette. There is evidence of airspace opacity noted, with a focal opacity present in the left perihilar region. Additionally, there is diffuse increased density throughout the lung fields, with areas of ground glass opacity observed. The lung fields appear generally clear, with no significant pleural effusion or pneumothorax identified. The retrocardiac region shows opacity, but no bony abnormalities or other significant findings are noted.

**Impression:**  
The findings suggest an enlarged cardiac silhouette, which may indicate cardiomegaly. The presence of airspace opacity and focal opacity in the left perihilar region raises concern for possible infectious or inflammatory processes. The diffuse increased density and ground glass opacity may suggest underlying pulmonary pathology, warranting further clinical correlation. No acute pleural effusion or pneumothorax is observed. Further evaluation may be necessary based on clinical context."
1050,"You are a board-certified radiologist.

You are given a structured context for a chest X-ray:
You are a radiology report generator. Produce a factual, structured chest X-ray report using the following multimodal evidence:

### 1. Image-derived alignment concepts:
airspace opacity, focal opacity, linear atelectasis pattern, pleural thickening, clear lung fields, ground glass opacity, right lower zone opacity, left perihilar opacity

### 2. GNN disease priors (top predictions):
None

### 3. Knowledge-graph reasoning evidence:
None

### 4. Anatomical context extracted from KG:
None

### TASK:
Generate a complete, clinically accurate radiology report with the following sections:
- Findings
- Impression

Use the evidence above to avoid hallucinations and ensure factual consistency.

TASK:
- Generate a complete, clinically coherent radiology REPORT.
- Include two sections with headings: ""Findings:"" and ""Impression:"".
- Be factual and conservative; rely ONLY on the evidence given above.
- Explicitly mention: heart size, lungs, pleura (effusion/pneumothorax), and bones/other findings.
- Avoid hallucinating new diseases not supported by the evidence.

Return ONLY the report text.","Technically limited study secondary to patient XXXX. Decreased lung volumes with associated bronchopulmonary crowding without evidence of focal consolidation, suspicious pulmonary opacity, large pleural effusion, or pneumothorax is identified. Visualized osseous structures appear intact. No acute cardiopulmonary abnormality. Mild nonspecific prominence of mediastinum, consider repeat CXR XXXX if any concern for vascular process.","**Findings:**  
The chest X-ray demonstrates clear lung fields bilaterally with no evidence of significant pleural effusion or pneumothorax. There is a focal opacity noted in the right lower zone, as well as a left perihilar opacity. Additionally, a linear atelectasis pattern is observed. Pleural thickening is present, but no other abnormalities are noted in the heart size or bony structures.

**Impression:**  
The findings suggest the presence of focal opacities in the right lower zone and left perihilar region, which may warrant further clinical correlation. The linear atelectasis pattern and pleural thickening are noted, but there are no signs of acute disease or significant pleural complications. Overall, the heart size appears normal, and the lungs are largely clear. Further evaluation may be considered based on clinical context."
3218,"You are a board-certified radiologist.

You are given a structured context for a chest X-ray:
You are a radiology report generator. Produce a factual, structured chest X-ray report using the following multimodal evidence:

### 1. Image-derived alignment concepts:
airspace opacity, focal opacity, ground glass opacity, linear atelectasis pattern, pleural thickening, left perihilar opacity, prominent pulmonary vasculature, clear lung fields

### 2. GNN disease priors (top predictions):
None

### 3. Knowledge-graph reasoning evidence:
None

### 4. Anatomical context extracted from KG:
None

### TASK:
Generate a complete, clinically accurate radiology report with the following sections:
- Findings
- Impression

Use the evidence above to avoid hallucinations and ensure factual consistency.

TASK:
- Generate a complete, clinically coherent radiology REPORT.
- Include two sections with headings: ""Findings:"" and ""Impression:"".
- Be factual and conservative; rely ONLY on the evidence given above.
- Explicitly mention: heart size, lungs, pleura (effusion/pneumothorax), and bones/other findings.
- Avoid hallucinating new diseases not supported by the evidence.

Return ONLY the report text.",XXXX XXXX and lateral chest examination was obtained. The heart silhouette is normal in size and contour. Aortic XXXX appear unremarkable. Lungs demonstrate no acute findings. There is no effusion or pneumothorax. There is degenerative changes of the skeletal structures 1. No acute pulmonary disease.,"**Findings:**  
The chest X-ray demonstrates clear lung fields bilaterally with no evidence of significant airspace opacity or focal opacity. There is a noted left perihilar opacity, which may suggest a localized process, but no definitive airspace consolidation is observed. Ground glass opacity is not present. The pulmonary vasculature appears prominent, which may indicate increased blood flow or vascular congestion. There is no evidence of pleural effusion or pneumothorax, and the pleura appears unremarkable with no thickening noted. The heart size is within normal limits. The bony structures are intact with no acute osseous abnormalities identified.

**Impression:**  
The chest X-ray shows clear lung fields with a notable left perihilar opacity and prominent pulmonary vasculature. There are no signs of pleural effusion or pneumothorax, and the heart size is normal. Overall, the findings are nonspecific and may warrant clinical correlation for further evaluation of the left perihilar opacity."
1249,"You are a board-certified radiologist.

You are given a structured context for a chest X-ray:
You are a radiology report generator. Produce a factual, structured chest X-ray report using the following multimodal evidence:

### 1. Image-derived alignment concepts:
prominent pulmonary vasculature, airspace opacity, left perihilar opacity, focal opacity, linear atelectasis pattern, clear lung fields, ground glass opacity, pleural thickening

### 2. GNN disease priors (top predictions):
None

### 3. Knowledge-graph reasoning evidence:
None

### 4. Anatomical context extracted from KG:
None

### TASK:
Generate a complete, clinically accurate radiology report with the following sections:
- Findings
- Impression

Use the evidence above to avoid hallucinations and ensure factual consistency.

TASK:
- Generate a complete, clinically coherent radiology REPORT.
- Include two sections with headings: ""Findings:"" and ""Impression:"".
- Be factual and conservative; rely ONLY on the evidence given above.
- Explicitly mention: heart size, lungs, pleura (effusion/pneumothorax), and bones/other findings.
- Avoid hallucinating new diseases not supported by the evidence.

Return ONLY the report text.",The lungs are clear without evidence of focal airspace disease. There are calcified granulomas in the left lower lobe. There is no evidence of pneumothorax or large pleural effusion. The cardiac and mediastinal contours are within normal limits. The XXXX are unremarkable. No radiographic evidence of acute cardiopulmonary disease.,"**Findings:**  
The heart size is within normal limits. The lungs demonstrate prominent pulmonary vasculature with clear lung fields overall. There is evidence of airspace opacity, particularly noted in the left perihilar region, which may represent a focal opacity. Additionally, a linear atelectasis pattern is observed. Ground glass opacity is present, and there is pleural thickening noted. No pleural effusion or pneumothorax is identified. The bony structures appear unremarkable with no acute osseous abnormalities.

**Impression:**  
The chest X-ray findings suggest the presence of left perihilar opacity, likely related to atelectasis or an infectious process. The prominent pulmonary vasculature and ground glass opacity may indicate underlying pulmonary pathology. Pleural thickening is noted, but there is no evidence of effusion or pneumothorax. Further clinical correlation and possible follow-up imaging may be warranted to evaluate the significance of these findings."
3220,"You are a board-certified radiologist.

You are given a structured context for a chest X-ray:
You are a radiology report generator. Produce a factual, structured chest X-ray report using the following multimodal evidence:

### 1. Image-derived alignment concepts:
prominent pulmonary vasculature, left perihilar opacity, linear atelectasis pattern, clear lung fields, airspace opacity, pleural thickening, focal opacity, aortic tortuosity

### 2. GNN disease priors (top predictions):
None

### 3. Knowledge-graph reasoning evidence:
None

### 4. Anatomical context extracted from KG:
None

### TASK:
Generate a complete, clinically accurate radiology report with the following sections:
- Findings
- Impression

Use the evidence above to avoid hallucinations and ensure factual consistency.

TASK:
- Generate a complete, clinically coherent radiology REPORT.
- Include two sections with headings: ""Findings:"" and ""Impression:"".
- Be factual and conservative; rely ONLY on the evidence given above.
- Explicitly mention: heart size, lungs, pleura (effusion/pneumothorax), and bones/other findings.
- Avoid hallucinating new diseases not supported by the evidence.

Return ONLY the report text.",Lungs are clear. There is no pneumothorax or pleural effusion. The heart and mediastinum are within normal limits. Bony structures are intact. No acute cardiopulmonary process.,"**Findings:**  
The heart size is within normal limits. The lungs demonstrate prominent pulmonary vasculature with clear lung fields overall. There is a left perihilar opacity noted, which may represent an area of airspace opacity. Additionally, a linear atelectasis pattern is observed. Pleural thickening is present, but there is no evidence of effusion or pneumothorax. The aorta shows tortuosity. No significant bony abnormalities are identified.

**Impression:**  
The chest X-ray shows prominent pulmonary vasculature and a left perihilar opacity, possibly indicating an area of airspace opacity. Linear atelectasis is noted, along with pleural thickening. The heart size is normal, and there are no signs of effusion or pneumothorax. Aortic tortuosity is observed. Overall, the findings are nonspecific and may warrant further clinical correlation."
3524,"You are a board-certified radiologist.

You are given a structured context for a chest X-ray:
You are a radiology report generator. Produce a factual, structured chest X-ray report using the following multimodal evidence:

### 1. Image-derived alignment concepts:
airspace opacity, ground glass opacity, clear lung fields, right lower zone opacity, prominent pulmonary vasculature, linear atelectasis pattern, focal opacity, enlarged cardiac silhouette

### 2. GNN disease priors (top predictions):
None

### 3. Knowledge-graph reasoning evidence:
None

### 4. Anatomical context extracted from KG:
None

### TASK:
Generate a complete, clinically accurate radiology report with the following sections:
- Findings
- Impression

Use the evidence above to avoid hallucinations and ensure factual consistency.

TASK:
- Generate a complete, clinically coherent radiology REPORT.
- Include two sections with headings: ""Findings:"" and ""Impression:"".
- Be factual and conservative; rely ONLY on the evidence given above.
- Explicitly mention: heart size, lungs, pleura (effusion/pneumothorax), and bones/other findings.
- Avoid hallucinating new diseases not supported by the evidence.

Return ONLY the report text.",The heart size and mediastinal silhouette are within normal limits for contour. The lungs are clear. No pneumothorax or pleural effusions. The XXXX are intact. No acute cardiopulmonary abnormalities.,"**Findings:**  
The chest X-ray demonstrates clear lung fields with the exception of a focal opacity noted in the right lower zone. There is evidence of prominent pulmonary vasculature. A linear atelectasis pattern is observed, but no significant airspace or ground glass opacities are present. The cardiac silhouette appears enlarged. There are no signs of pleural effusion or pneumothorax. The bony structures are unremarkable with no acute osseous abnormalities identified.

**Impression:**  
Enlarged cardiac silhouette with focal opacity in the right lower zone, likely representing an area of consolidation or atelectasis. Prominent pulmonary vasculature may suggest increased blood flow or pressure. No evidence of pleural effusion or pneumothorax is noted. Further clinical correlation may be warranted to evaluate the significance of the findings."
2522,"You are a board-certified radiologist.

You are given a structured context for a chest X-ray:
You are a radiology report generator. Produce a factual, structured chest X-ray report using the following multimodal evidence:

### 1. Image-derived alignment concepts:
pleural thickening, clear lung fields, healed rib deformity, linear atelectasis pattern, right lower zone opacity, diffuse increased density, focal opacity, enlarged cardiac silhouette

### 2. GNN disease priors (top predictions):
None

### 3. Knowledge-graph reasoning evidence:
None

### 4. Anatomical context extracted from KG:
None

### TASK:
Generate a complete, clinically accurate radiology report with the following sections:
- Findings
- Impression

Use the evidence above to avoid hallucinations and ensure factual consistency.

TASK:
- Generate a complete, clinically coherent radiology REPORT.
- Include two sections with headings: ""Findings:"" and ""Impression:"".
- Be factual and conservative; rely ONLY on the evidence given above.
- Explicitly mention: heart size, lungs, pleura (effusion/pneumothorax), and bones/other findings.
- Avoid hallucinating new diseases not supported by the evidence.

Return ONLY the report text.",Normal heart size and mediastinal contours. No focal airspace consolidation. Chronic appearing left greater than right lung base scarring with possible small effusions. No pneumothorax. Visualized osseous structures are unremarkable in appearance. 1. Chronic appearing bibasilar pleural abnormality with possible small effusions. 2. No evidence of pneumonia. TIPS shunt visualized. .,"**Findings:**  
The chest X-ray demonstrates an enlarged cardiac silhouette. The lung fields are clear bilaterally, with the exception of a right lower zone opacity noted. There is evidence of pleural thickening, and a linear atelectasis pattern is observed. Additionally, there is a focal opacity present. The bones show a healed rib deformity. No signs of effusion or pneumothorax are identified.

**Impression:**  
The findings suggest an enlarged heart size with clear lung fields, except for a right lower zone opacity that may warrant further evaluation. The pleural thickening and linear atelectasis pattern could indicate chronic changes. The healed rib deformity is noted, but no acute bony abnormalities are present. Overall, the findings are consistent with previous lung pathology, but no acute disease is identified at this time."
1148,"You are a board-certified radiologist.

You are given a structured context for a chest X-ray:
You are a radiology report generator. Produce a factual, structured chest X-ray report using the following multimodal evidence:

### 1. Image-derived alignment concepts:
linear atelectasis pattern, healed rib deformity, pleural thickening, focal opacity, clear lung fields, airspace opacity, right lower zone opacity, prominent pulmonary vasculature

### 2. GNN disease priors (top predictions):
None

### 3. Knowledge-graph reasoning evidence:
None

### 4. Anatomical context extracted from KG:
None

### TASK:
Generate a complete, clinically accurate radiology report with the following sections:
- Findings
- Impression

Use the evidence above to avoid hallucinations and ensure factual consistency.

TASK:
- Generate a complete, clinically coherent radiology REPORT.
- Include two sections with headings: ""Findings:"" and ""Impression:"".
- Be factual and conservative; rely ONLY on the evidence given above.
- Explicitly mention: heart size, lungs, pleura (effusion/pneumothorax), and bones/other findings.
- Avoid hallucinating new diseases not supported by the evidence.

Return ONLY the report text.",Cardiac and mediastinal contours are within normal limits. The lungs are clear. Bony structures are intact. Negative chest x-XXXX.,"**Findings:**  
The chest X-ray demonstrates clear lung fields bilaterally with no evidence of acute infiltrates or consolidations. There is a linear atelectasis pattern noted, particularly in the right lower zone, which is associated with a focal opacity in that region. The pulmonary vasculature appears prominent. There is also evidence of pleural thickening, but no pleural effusion or pneumothorax is identified. The heart size is within normal limits. Additionally, there is a healed rib deformity observed, which may be a result of prior trauma.

**Impression:**  
1. Linear atelectasis in the right lower zone with associated focal opacity, likely representing a benign process.  
2. Prominent pulmonary vasculature without evidence of acute cardiopulmonary pathology.  
3. Pleural thickening noted, but no significant effusion or pneumothorax present.  
4. Healed rib deformity, likely of no acute clinical significance."
2219,"You are a board-certified radiologist.

You are given a structured context for a chest X-ray:
You are a radiology report generator. Produce a factual, structured chest X-ray report using the following multimodal evidence:

### 1. Image-derived alignment concepts:
linear atelectasis pattern, pleural thickening, focal opacity, prominent pulmonary vasculature, healed rib deformity, airspace opacity, left perihilar opacity, enlarged cardiac silhouette

### 2. GNN disease priors (top predictions):
None

### 3. Knowledge-graph reasoning evidence:
None

### 4. Anatomical context extracted from KG:
None

### TASK:
Generate a complete, clinically accurate radiology report with the following sections:
- Findings
- Impression

Use the evidence above to avoid hallucinations and ensure factual consistency.

TASK:
- Generate a complete, clinically coherent radiology REPORT.
- Include two sections with headings: ""Findings:"" and ""Impression:"".
- Be factual and conservative; rely ONLY on the evidence given above.
- Explicitly mention: heart size, lungs, pleura (effusion/pneumothorax), and bones/other findings.
- Avoid hallucinating new diseases not supported by the evidence.

Return ONLY the report text.",The heart size and cardiomediastinal silhouette are within normal limits. Pulmonary vasculature appears normal. Left hilar and medial left base granuloma. There is no focal air space consolidation. No pleural effusion or pneumothorax.,"**Findings:**  
The chest X-ray demonstrates a prominent cardiac silhouette, suggestive of an enlarged heart. The lungs exhibit a linear atelectasis pattern and airspace opacity, particularly noted in the left perihilar region. There is also a focal opacity present, along with pleural thickening. The pulmonary vasculature appears prominent. Additionally, a healed rib deformity is observed, indicating previous trauma or pathology. No evidence of pleural effusion or pneumothorax is noted.

**Impression:**  
The findings are consistent with linear atelectasis and localized airspace opacity in the left perihilar region, alongside pleural thickening and prominent pulmonary vasculature. The enlarged cardiac silhouette may warrant further clinical correlation. The healed rib deformity is a noted incidental finding. No acute processes such as pleural effusion or pneumothorax are identified."
1635,"You are a board-certified radiologist.

You are given a structured context for a chest X-ray:
You are a radiology report generator. Produce a factual, structured chest X-ray report using the following multimodal evidence:

### 1. Image-derived alignment concepts:
prominent pulmonary vasculature, airspace opacity, peribronchial thickening, clear lung fields, focal opacity, retrocardiac opacity, right lower zone opacity, left perihilar opacity

### 2. GNN disease priors (top predictions):
None

### 3. Knowledge-graph reasoning evidence:
None

### 4. Anatomical context extracted from KG:
None

### TASK:
Generate a complete, clinically accurate radiology report with the following sections:
- Findings
- Impression

Use the evidence above to avoid hallucinations and ensure factual consistency.

TASK:
- Generate a complete, clinically coherent radiology REPORT.
- Include two sections with headings: ""Findings:"" and ""Impression:"".
- Be factual and conservative; rely ONLY on the evidence given above.
- Explicitly mention: heart size, lungs, pleura (effusion/pneumothorax), and bones/other findings.
- Avoid hallucinating new diseases not supported by the evidence.

Return ONLY the report text.",The heart size and pulmonary vascularity appear within normal limits. The lungs are free of focal airspace disease. No pleural effusion or pneumothorax is seen. Calcified granuloma is present in the right lung base. Bibasilar bandlike opacities are present. The appearance XXXX scarring or atelectasis. 1. Evidence of previous granulomatous infection. 2. Bibasilar bandlike opacities. The appearance XXXX atelectasis/scar.,"**Findings:**  
The heart size is within normal limits. The lungs demonstrate prominent pulmonary vasculature with clear lung fields overall. However, there are areas of concern including airspace opacity noted in the right lower zone and focal opacity in the left perihilar region. Additionally, there is peribronchial thickening observed. No pleural effusion or pneumothorax is identified. The bony structures appear unremarkable with no acute osseous abnormalities.

**Impression:**  
The chest X-ray shows prominent pulmonary vasculature with associated airspace opacity in the right lower zone and focal opacity in the left perihilar area, suggestive of possible underlying pathology. Peribronchial thickening is also noted. No significant pleural effusion or pneumothorax is present. Further clinical correlation may be warranted to evaluate the significance of these findings."
2993,"You are a board-certified radiologist.

You are given a structured context for a chest X-ray:
You are a radiology report generator. Produce a factual, structured chest X-ray report using the following multimodal evidence:

### 1. Image-derived alignment concepts:
airspace opacity, prominent pulmonary vasculature, linear atelectasis pattern, focal opacity, clear lung fields, retrocardiac opacity, ground glass opacity, left perihilar opacity

### 2. GNN disease priors (top predictions):
None

### 3. Knowledge-graph reasoning evidence:
None

### 4. Anatomical context extracted from KG:
None

### TASK:
Generate a complete, clinically accurate radiology report with the following sections:
- Findings
- Impression

Use the evidence above to avoid hallucinations and ensure factual consistency.

TASK:
- Generate a complete, clinically coherent radiology REPORT.
- Include two sections with headings: ""Findings:"" and ""Impression:"".
- Be factual and conservative; rely ONLY on the evidence given above.
- Explicitly mention: heart size, lungs, pleura (effusion/pneumothorax), and bones/other findings.
- Avoid hallucinating new diseases not supported by the evidence.

Return ONLY the report text.","The lungs are clear without focal consolidation, effusion, or pneumothorax. Normal heart size. Bony thorax and soft tissues grossly unremarkable. Negative for acute cardiopulmonary abnormality.","**Findings:**  
The chest X-ray demonstrates clear lung fields with no evidence of significant pleural effusion or pneumothorax. There is a prominent pulmonary vasculature noted, which may suggest increased blood flow or congestion. A linear atelectasis pattern is observed, indicating possible areas of lung collapse. Additionally, there is a focal opacity in the left perihilar region, as well as a retrocardiac opacity. Ground glass opacity is not present. The heart size appears within normal limits, and no bony abnormalities are noted.

**Impression:**  
The findings suggest the presence of linear atelectasis and a focal opacity in the left perihilar region, with prominent pulmonary vasculature. There are no signs of pleural effusion or pneumothorax. Overall, the heart size is normal, and the lung fields are clear. Further clinical correlation may be warranted to evaluate the significance of the left perihilar opacity."
132,"You are a board-certified radiologist.

You are given a structured context for a chest X-ray:
You are a radiology report generator. Produce a factual, structured chest X-ray report using the following multimodal evidence:

### 1. Image-derived alignment concepts:
left perihilar opacity, clear lung fields, prominent pulmonary vasculature, focal opacity, linear atelectasis pattern, ground glass opacity, peribronchial thickening, diffuse increased density

### 2. GNN disease priors (top predictions):
None

### 3. Knowledge-graph reasoning evidence:
None

### 4. Anatomical context extracted from KG:
None

### TASK:
Generate a complete, clinically accurate radiology report with the following sections:
- Findings
- Impression

Use the evidence above to avoid hallucinations and ensure factual consistency.

TASK:
- Generate a complete, clinically coherent radiology REPORT.
- Include two sections with headings: ""Findings:"" and ""Impression:"".
- Be factual and conservative; rely ONLY on the evidence given above.
- Explicitly mention: heart size, lungs, pleura (effusion/pneumothorax), and bones/other findings.
- Avoid hallucinating new diseases not supported by the evidence.

Return ONLY the report text.","The lungs are clear bilaterally. Specifically, no evidence of focal consolidation, pneumothorax, or pleural effusion. Cardiomediastinal silhouette is unremarkable. Tortuosity of the thoracic aorta. Visualized osseous structures of the thorax are without acute abnormality. No acute cardiopulmonary abnormality.","**Findings:**  
The chest X-ray demonstrates a left perihilar opacity with associated focal opacity. The lung fields are otherwise clear, and there is prominent pulmonary vasculature noted. A linear atelectasis pattern is observed, along with areas of ground glass opacity and peribronchial thickening. There is diffuse increased density in the left perihilar region. The heart size is within normal limits. The pleura appears unremarkable with no evidence of effusion or pneumothorax. The bony structures are intact with no acute osseous abnormalities identified.

**Impression:**  
The findings suggest a left perihilar opacity with associated linear atelectasis and ground glass opacity, which may indicate an inflammatory or infectious process. The clear lung fields and normal heart size are reassuring. No pleural effusion or pneumothorax is present. Further clinical correlation and possibly additional imaging may be warranted to evaluate the etiology of the left perihilar opacity."
3697,"You are a board-certified radiologist.

You are given a structured context for a chest X-ray:
You are a radiology report generator. Produce a factual, structured chest X-ray report using the following multimodal evidence:

### 1. Image-derived alignment concepts:
airspace opacity, right lower zone opacity, pleural thickening, ground glass opacity, peribronchial thickening, focal opacity, clear lung fields, linear atelectasis pattern

### 2. GNN disease priors (top predictions):
None

### 3. Knowledge-graph reasoning evidence:
None

### 4. Anatomical context extracted from KG:
None

### TASK:
Generate a complete, clinically accurate radiology report with the following sections:
- Findings
- Impression

Use the evidence above to avoid hallucinations and ensure factual consistency.

TASK:
- Generate a complete, clinically coherent radiology REPORT.
- Include two sections with headings: ""Findings:"" and ""Impression:"".
- Be factual and conservative; rely ONLY on the evidence given above.
- Explicitly mention: heart size, lungs, pleura (effusion/pneumothorax), and bones/other findings.
- Avoid hallucinating new diseases not supported by the evidence.

Return ONLY the report text.","The cardiomediastinal silhouette is stable in appearance. There are extensive fibrotic changes in the right lung with rightward shift of the trachea, similar to the previous exam. The left lung is well-aerated without focal airspace consolidation, pleural effusions or pneumothorax. There is left apical pleural-parenchymal scarring. No acute bony findings. 1. No acute cardiopulmonary findings. 2. Extensive fibrotic changes of the right lung, similar to the previous exam.","**Findings:**  
The chest X-ray demonstrates the following findings:  
- There is airspace opacity noted in the right lower zone, which may suggest an underlying process such as infection or inflammation.  
- Pleural thickening is observed, indicating possible chronic changes or previous pleural disease.  
- Ground glass opacity is present, which may indicate a range of conditions, including interstitial lung disease or pulmonary edema.  
- Peribronchial thickening is noted, which can be associated with bronchial inflammation or infection.  
- Focal opacity is also seen, warranting further evaluation to determine its etiology.  
- The lung fields are otherwise clear, with no evidence of significant consolidation or mass lesions.  
- A linear atelectasis pattern is observed, which may suggest areas of lung collapse or volume loss.  
- The heart size appears to be within normal limits.  
- No pleural effusion or pneumothorax is identified.  
- The bony structures are unremarkable with no acute osseous abnormalities noted.

**Impression:**  
The chest X-ray findings are suggestive of possible infectious or inflammatory processes in the right lower zone, with associated pleural thickening and peribronchial changes. The presence of ground glass opacity and focal opacity requires further clinical correlation and possibly additional imaging or follow-up. The heart size is normal, and there is no evidence of pleural effusion or pneumothorax. Further evaluation may be warranted based on clinical context."
3126,"You are a board-certified radiologist.

You are given a structured context for a chest X-ray:
You are a radiology report generator. Produce a factual, structured chest X-ray report using the following multimodal evidence:

### 1. Image-derived alignment concepts:
airspace opacity, focal opacity, ground glass opacity, linear atelectasis pattern, clear lung fields, prominent pulmonary vasculature, left perihilar opacity, right lower zone opacity

### 2. GNN disease priors (top predictions):
None

### 3. Knowledge-graph reasoning evidence:
None

### 4. Anatomical context extracted from KG:
None

### TASK:
Generate a complete, clinically accurate radiology report with the following sections:
- Findings
- Impression

Use the evidence above to avoid hallucinations and ensure factual consistency.

TASK:
- Generate a complete, clinically coherent radiology REPORT.
- Include two sections with headings: ""Findings:"" and ""Impression:"".
- Be factual and conservative; rely ONLY on the evidence given above.
- Explicitly mention: heart size, lungs, pleura (effusion/pneumothorax), and bones/other findings.
- Avoid hallucinating new diseases not supported by the evidence.

Return ONLY the report text.","The cardiomediastinal silhouette is within normal limits for appearance. No focal areas of pulmonary consolidation. No pneumothorax. No pleural effusion. The thoracic spine appears intact. No acute, displaced rib fractures. 1. No acute intrathoracic abnormality.","**Findings:**  
The chest X-ray demonstrates clear lung fields bilaterally with no evidence of pleural effusion or pneumothorax. The heart size is within normal limits. There is a left perihilar opacity noted, as well as a focal opacity in the right lower zone. Prominent pulmonary vasculature is observed. No significant bony abnormalities are identified.

**Impression:**  
The findings suggest the presence of a left perihilar opacity and a focal opacity in the right lower zone, with prominent pulmonary vasculature. There are no signs of pleural effusion or pneumothorax, and the heart size is normal. Further clinical correlation may be warranted to determine the significance of the observed opacities."
2447,"You are a board-certified radiologist.

You are given a structured context for a chest X-ray:
You are a radiology report generator. Produce a factual, structured chest X-ray report using the following multimodal evidence:

### 1. Image-derived alignment concepts:
focal opacity, airspace opacity, prominent pulmonary vasculature, clear lung fields, pleural thickening, linear atelectasis pattern, left perihilar opacity, ground glass opacity

### 2. GNN disease priors (top predictions):
None

### 3. Knowledge-graph reasoning evidence:
None

### 4. Anatomical context extracted from KG:
None

### TASK:
Generate a complete, clinically accurate radiology report with the following sections:
- Findings
- Impression

Use the evidence above to avoid hallucinations and ensure factual consistency.

TASK:
- Generate a complete, clinically coherent radiology REPORT.
- Include two sections with headings: ""Findings:"" and ""Impression:"".
- Be factual and conservative; rely ONLY on the evidence given above.
- Explicitly mention: heart size, lungs, pleura (effusion/pneumothorax), and bones/other findings.
- Avoid hallucinating new diseases not supported by the evidence.

Return ONLY the report text.",The cardiomediastinal silhouette is within normal limits for appearance. Calcified right hilar lymph XXXX are demonstrated. Atherosclerotic calcifications of the aortic XXXX. No focal areas of pulmonary consolidation. No pneumothorax. No pleural effusion. Mild to moderate degenerative changes of the thoracic spine. 1. No acute intrathoracic abnormality.,"**Findings:**  
The chest X-ray demonstrates clear lung fields with no evidence of significant airspace disease. There is a focal opacity noted in the left perihilar region, which may represent a localized process. Prominent pulmonary vasculature is observed, but there are no signs of pleural effusion or pneumothorax. Additionally, there is pleural thickening present, and a linear atelectasis pattern is noted. Ground glass opacity is not identified. The heart size appears within normal limits, and the bony structures are unremarkable with no acute osseous abnormalities.

**Impression:**  
The findings suggest a focal opacity in the left perihilar region with associated prominent pulmonary vasculature and pleural thickening. The linear atelectasis pattern may indicate a degree of volume loss in the left lung. No acute cardiopulmonary abnormalities are evident, and the heart size is normal. Further clinical correlation may be warranted to evaluate the significance of the left perihilar opacity."
278,"You are a board-certified radiologist.

You are given a structured context for a chest X-ray:
You are a radiology report generator. Produce a factual, structured chest X-ray report using the following multimodal evidence:

### 1. Image-derived alignment concepts:
prominent pulmonary vasculature, linear atelectasis pattern, clear lung fields, airspace opacity, left perihilar opacity, ground glass opacity, focal opacity, enlarged cardiac silhouette

### 2. GNN disease priors (top predictions):
None

### 3. Knowledge-graph reasoning evidence:
None

### 4. Anatomical context extracted from KG:
None

### TASK:
Generate a complete, clinically accurate radiology report with the following sections:
- Findings
- Impression

Use the evidence above to avoid hallucinations and ensure factual consistency.

TASK:
- Generate a complete, clinically coherent radiology REPORT.
- Include two sections with headings: ""Findings:"" and ""Impression:"".
- Be factual and conservative; rely ONLY on the evidence given above.
- Explicitly mention: heart size, lungs, pleura (effusion/pneumothorax), and bones/other findings.
- Avoid hallucinating new diseases not supported by the evidence.

Return ONLY the report text.","No pneumothorax, pleural effusion, or focal airspace disease. Heart size normal. Stable cardiomediastinal silhouette. Nodular opacities consistent with chronic granulomatous disease. Bony structures intact. Negative for acute cardiopulmonary disease.","**Findings:**  
The chest X-ray demonstrates prominent pulmonary vasculature. There is a linear atelectasis pattern noted in the lung fields, which appear clear overall. However, there is a left perihilar opacity present, along with areas of ground glass opacity and focal opacity. The cardiac silhouette is enlarged. No pleural effusion or pneumothorax is observed. The bony structures appear unremarkable with no acute osseous abnormalities identified.

**Impression:**  
The findings suggest possible left perihilar pathology, which may warrant further clinical correlation. The prominent pulmonary vasculature and ground glass opacity could indicate underlying vascular or inflammatory processes. The enlarged cardiac silhouette may suggest cardiomegaly. Overall, the lungs are clear with the exception of the noted opacities and linear atelectasis. No acute complications such as pleural effusion or pneumothorax are present. Further evaluation may be necessary based on clinical context."
1804,"You are a board-certified radiologist.

You are given a structured context for a chest X-ray:
You are a radiology report generator. Produce a factual, structured chest X-ray report using the following multimodal evidence:

### 1. Image-derived alignment concepts:
airspace opacity, prominent pulmonary vasculature, left perihilar opacity, focal opacity, ground glass opacity, clear lung fields, pleural thickening, linear atelectasis pattern

### 2. GNN disease priors (top predictions):
None

### 3. Knowledge-graph reasoning evidence:
None

### 4. Anatomical context extracted from KG:
None

### TASK:
Generate a complete, clinically accurate radiology report with the following sections:
- Findings
- Impression

Use the evidence above to avoid hallucinations and ensure factual consistency.

TASK:
- Generate a complete, clinically coherent radiology REPORT.
- Include two sections with headings: ""Findings:"" and ""Impression:"".
- Be factual and conservative; rely ONLY on the evidence given above.
- Explicitly mention: heart size, lungs, pleura (effusion/pneumothorax), and bones/other findings.
- Avoid hallucinating new diseases not supported by the evidence.

Return ONLY the report text.","Heart size, mediastinal contour, and pulmonary vascularity are within normal limits. There is a right chest XXXX with central venous catheter tip overlying the high SVC. No focal consolidation, suspicious pulmonary opacity, large pleural effusion, or pneumothorax is identified. Visualized osseous structures appear intact. No acute cardiopulmonary abnormality.","**Findings:**  
The chest X-ray demonstrates clear lung fields with no evidence of significant pleural effusion or pneumothorax. There is a prominent pulmonary vasculature noted. A left perihilar opacity is observed, which may represent focal opacity. Additionally, there is a linear atelectasis pattern present. Ground glass opacity is not identified. The heart size appears within normal limits. No bony abnormalities are noted.

**Impression:**  
The findings suggest a left perihilar opacity with associated prominent pulmonary vasculature and a linear atelectasis pattern. There are no signs of pleural effusion or pneumothorax. The heart size is normal, and the lung fields are otherwise clear. Further clinical correlation may be warranted to determine the significance of the left perihilar opacity."
2579,"You are a board-certified radiologist.

You are given a structured context for a chest X-ray:
You are a radiology report generator. Produce a factual, structured chest X-ray report using the following multimodal evidence:

### 1. Image-derived alignment concepts:
prominent pulmonary vasculature, airspace opacity, clear lung fields, left perihilar opacity, linear atelectasis pattern, focal opacity, peribronchial thickening, ground glass opacity

### 2. GNN disease priors (top predictions):
None

### 3. Knowledge-graph reasoning evidence:
None

### 4. Anatomical context extracted from KG:
None

### TASK:
Generate a complete, clinically accurate radiology report with the following sections:
- Findings
- Impression

Use the evidence above to avoid hallucinations and ensure factual consistency.

TASK:
- Generate a complete, clinically coherent radiology REPORT.
- Include two sections with headings: ""Findings:"" and ""Impression:"".
- Be factual and conservative; rely ONLY on the evidence given above.
- Explicitly mention: heart size, lungs, pleura (effusion/pneumothorax), and bones/other findings.
- Avoid hallucinating new diseases not supported by the evidence.

Return ONLY the report text.","The lungs are clear without focal consolidation, effusion, or pneumothorax. Normal heart size. Bony thorax unremarkable. Negative for acute cardiopulmonary abnormality.","**Findings:**  
The heart size is within normal limits. The lungs demonstrate prominent pulmonary vasculature with clear lung fields overall. However, there is a left perihilar opacity noted, which may represent a focal opacity. Additionally, there is evidence of linear atelectasis pattern and peribronchial thickening. Ground glass opacity is also present. The pleura appear normal with no signs of effusion or pneumothorax. The bony structures are unremarkable with no acute osseous abnormalities identified.

**Impression:**  
The chest X-ray shows prominent pulmonary vasculature and clear lung fields, with notable left perihilar opacity, linear atelectasis, peribronchial thickening, and ground glass opacity. These findings may suggest an inflammatory or infectious process, but no acute disease is identified. The heart size is normal, and there are no pleural effusions or pneumothorax. Further clinical correlation may be warranted based on the patient's symptoms and history."
3110,"You are a board-certified radiologist.

You are given a structured context for a chest X-ray:
You are a radiology report generator. Produce a factual, structured chest X-ray report using the following multimodal evidence:

### 1. Image-derived alignment concepts:
airspace opacity, focal opacity, pleural thickening, linear atelectasis pattern, left perihilar opacity, prominent pulmonary vasculature, clear lung fields, healed rib deformity

### 2. GNN disease priors (top predictions):
None

### 3. Knowledge-graph reasoning evidence:
None

### 4. Anatomical context extracted from KG:
None

### TASK:
Generate a complete, clinically accurate radiology report with the following sections:
- Findings
- Impression

Use the evidence above to avoid hallucinations and ensure factual consistency.

TASK:
- Generate a complete, clinically coherent radiology REPORT.
- Include two sections with headings: ""Findings:"" and ""Impression:"".
- Be factual and conservative; rely ONLY on the evidence given above.
- Explicitly mention: heart size, lungs, pleura (effusion/pneumothorax), and bones/other findings.
- Avoid hallucinating new diseases not supported by the evidence.

Return ONLY the report text.","Heart size, mediastinal and aortic contours are within normal limits. Normal pulmonary vasculature. The lungs are clear. No visible pneumothorax or large pleural effusion. Elevated right hemidiaphragm. Mild degenerative changes of the spine. 1. Elevated right hemidiaphragm. 2. No evidence of active disease.","**Findings:**  
The chest X-ray demonstrates clear lung fields bilaterally with no evidence of acute infiltrates or effusions. There is a focal opacity noted in the left perihilar region, which may represent an area of increased vascularity or a benign process. Prominent pulmonary vasculature is observed, but there are no signs of pulmonary edema. Linear atelectasis patterns are present, suggesting some degree of volume loss in the lung. The pleura appears intact with no evidence of effusion or pneumothorax. Additionally, there is a healed rib deformity noted, which is likely an incidental finding.

Heart size is within normal limits, and there are no significant bony abnormalities aside from the noted healed rib deformity.

**Impression:**  
1. Clear lung fields with no acute pathology identified.  
2. Focal opacity in the left perihilar region, likely benign, with prominent pulmonary vasculature.  
3. Linear atelectasis patterns present, indicating possible volume loss.  
4. No pleural effusion or pneumothorax.  
5. Healed rib deformity noted, likely an incidental finding.  
Overall, the findings are consistent with a stable chest X-ray with no acute disease processes identified."
1447,"You are a board-certified radiologist.

You are given a structured context for a chest X-ray:
You are a radiology report generator. Produce a factual, structured chest X-ray report using the following multimodal evidence:

### 1. Image-derived alignment concepts:
clear lung fields, airspace opacity, linear atelectasis pattern, prominent pulmonary vasculature, pleural thickening, left perihilar opacity, ground glass opacity, focal opacity

### 2. GNN disease priors (top predictions):
None

### 3. Knowledge-graph reasoning evidence:
None

### 4. Anatomical context extracted from KG:
None

### TASK:
Generate a complete, clinically accurate radiology report with the following sections:
- Findings
- Impression

Use the evidence above to avoid hallucinations and ensure factual consistency.

TASK:
- Generate a complete, clinically coherent radiology REPORT.
- Include two sections with headings: ""Findings:"" and ""Impression:"".
- Be factual and conservative; rely ONLY on the evidence given above.
- Explicitly mention: heart size, lungs, pleura (effusion/pneumothorax), and bones/other findings.
- Avoid hallucinating new diseases not supported by the evidence.

Return ONLY the report text.",The lungs are clear. There is no pleural effusion or pneumothorax. The heart and mediastinum are normal. The skeletal structures short thready changes of the spine. No acute pulmonary disease.,"**Findings:**  
The chest X-ray demonstrates clear lung fields with no evidence of significant consolidation. However, there is noted airspace opacity in the left perihilar region, which may represent a focal opacity. A linear atelectasis pattern is observed, suggesting possible volume loss in the left lung. The pulmonary vasculature appears prominent, indicating increased vascularity. Additionally, there is pleural thickening present, but no effusion or pneumothorax is identified. Ground glass opacity is also noted, which may indicate underlying pathology. The heart size is within normal limits, and no bony abnormalities are observed.

**Impression:**  
The chest X-ray findings are suggestive of possible left perihilar pathology with associated airspace opacity and linear atelectasis. The prominent pulmonary vasculature and pleural thickening warrant further clinical correlation. Ground glass opacity may indicate an inflammatory or infectious process. Overall, there are no acute findings of effusion or pneumothorax, and the heart size is normal. Further evaluation may be necessary based on clinical context."
3865,"You are a board-certified radiologist.

You are given a structured context for a chest X-ray:
You are a radiology report generator. Produce a factual, structured chest X-ray report using the following multimodal evidence:

### 1. Image-derived alignment concepts:
airspace opacity, enlarged cardiac silhouette, linear atelectasis pattern, pleural thickening, prominent pulmonary vasculature, focal opacity, clear lung fields, left perihilar opacity

### 2. GNN disease priors (top predictions):
None

### 3. Knowledge-graph reasoning evidence:
None

### 4. Anatomical context extracted from KG:
None

### TASK:
Generate a complete, clinically accurate radiology report with the following sections:
- Findings
- Impression

Use the evidence above to avoid hallucinations and ensure factual consistency.

TASK:
- Generate a complete, clinically coherent radiology REPORT.
- Include two sections with headings: ""Findings:"" and ""Impression:"".
- Be factual and conservative; rely ONLY on the evidence given above.
- Explicitly mention: heart size, lungs, pleura (effusion/pneumothorax), and bones/other findings.
- Avoid hallucinating new diseases not supported by the evidence.

Return ONLY the report text.","The heart is top normal in size. The mediastinum is stable. The lungs are grossly clear. Bilateral rib deformities are noted, possibly old fractures. There is no pleural effusion or pneumothorax. No acute disease.","**Findings:**  
The chest X-ray demonstrates an enlarged cardiac silhouette. There is evidence of airspace opacity in the left perihilar region, accompanied by a linear atelectasis pattern. Prominent pulmonary vasculature is noted, and there is pleural thickening present. The lung fields appear clear otherwise, with no signs of effusion or pneumothorax. No significant bony abnormalities are observed.

**Impression:**  
The findings suggest possible left perihilar pathology, potentially related to atelectasis or localized infection. The enlarged cardiac silhouette may indicate cardiomegaly. Further clinical correlation and possibly additional imaging may be warranted to evaluate the left perihilar opacity and the significance of the enlarged heart size."
492,"You are a board-certified radiologist.

You are given a structured context for a chest X-ray:
You are a radiology report generator. Produce a factual, structured chest X-ray report using the following multimodal evidence:

### 1. Image-derived alignment concepts:
prominent pulmonary vasculature, airspace opacity, left perihilar opacity, pleural thickening, focal opacity, linear atelectasis pattern, clear lung fields, peribronchial thickening

### 2. GNN disease priors (top predictions):
None

### 3. Knowledge-graph reasoning evidence:
None

### 4. Anatomical context extracted from KG:
None

### TASK:
Generate a complete, clinically accurate radiology report with the following sections:
- Findings
- Impression

Use the evidence above to avoid hallucinations and ensure factual consistency.

TASK:
- Generate a complete, clinically coherent radiology REPORT.
- Include two sections with headings: ""Findings:"" and ""Impression:"".
- Be factual and conservative; rely ONLY on the evidence given above.
- Explicitly mention: heart size, lungs, pleura (effusion/pneumothorax), and bones/other findings.
- Avoid hallucinating new diseases not supported by the evidence.

Return ONLY the report text.","No pneumothorax, pleural effusion or airspace consolidation. Heart size and pulmonary vasculature appear within normal limits. XXXX XXXX are intact. No acute cardiopulmonary abnormality. .","**Findings:**  
The chest X-ray demonstrates prominent pulmonary vasculature. There is evidence of airspace opacity, particularly noted in the left perihilar region, along with pleural thickening. A focal opacity is also observed, and there is a linear atelectasis pattern present. The lung fields are otherwise clear, and there is no evidence of effusion or pneumothorax. The heart size appears within normal limits. No significant abnormalities are noted in the bones or other structures.

**Impression:**  
The findings suggest possible left perihilar pathology, with associated airspace opacity and pleural thickening. The linear atelectasis pattern may indicate localized lung volume loss. Overall, there are no acute processes identified, and the heart size is normal. Further clinical correlation may be warranted based on the patient's symptoms and history."
3753,"You are a board-certified radiologist.

You are given a structured context for a chest X-ray:
You are a radiology report generator. Produce a factual, structured chest X-ray report using the following multimodal evidence:

### 1. Image-derived alignment concepts:
airspace opacity, focal opacity, prominent pulmonary vasculature, clear lung fields, linear atelectasis pattern, ground glass opacity, peribronchial thickening, left perihilar opacity

### 2. GNN disease priors (top predictions):
None

### 3. Knowledge-graph reasoning evidence:
None

### 4. Anatomical context extracted from KG:
None

### TASK:
Generate a complete, clinically accurate radiology report with the following sections:
- Findings
- Impression

Use the evidence above to avoid hallucinations and ensure factual consistency.

TASK:
- Generate a complete, clinically coherent radiology REPORT.
- Include two sections with headings: ""Findings:"" and ""Impression:"".
- Be factual and conservative; rely ONLY on the evidence given above.
- Explicitly mention: heart size, lungs, pleura (effusion/pneumothorax), and bones/other findings.
- Avoid hallucinating new diseases not supported by the evidence.

Return ONLY the report text.","The cardiac silhouette, upper mediastinum and pulmonary vasculature are within normal limits. There is no acute pulmonary consolidation, large effusion or pneumothorax. There is minimal left basilar atelectasis. There are small bilateral pulmonary nodules measure approximately 5 mm in size in the right midlung and left upper lung XXXX. These are not well appreciated on the lateral projection. 1. No focal pulmonary consolidation or effusion. Minimal left basilar atelectasis. 2. Bilateral pulmonary nodules. These were not present on the prior study and may represent sequela of infection, but could represent neoplastic process. Correlation with history of primary malignancy is recommended. Further evaluation XXXX of the thorax could be performed, if clinically indicated.","**Findings:**  
The chest X-ray demonstrates clear lung fields with no evidence of effusion or pneumothorax. There is a notable left perihilar opacity, which may suggest a focal opacity in that region. The pulmonary vasculature appears prominent, and there is no evidence of cardiomegaly; the heart size is within normal limits. Additionally, there is a linear atelectasis pattern observed, but no significant ground glass opacity or peribronchial thickening is noted. The bony structures appear intact with no acute osseous abnormalities.

**Impression:**  
The findings are suggestive of a left perihilar opacity, potentially indicating localized pathology. The prominent pulmonary vasculature and linear atelectasis pattern may warrant further clinical correlation. Overall, there are no acute findings of effusion or pneumothorax, and the heart size is normal. Further evaluation may be considered based on clinical context."
2307,"You are a board-certified radiologist.

You are given a structured context for a chest X-ray:
You are a radiology report generator. Produce a factual, structured chest X-ray report using the following multimodal evidence:

### 1. Image-derived alignment concepts:
pleural thickening, linear atelectasis pattern, healed rib deformity, airspace opacity, clear lung fields, focal opacity, elevated hemidiaphragm, right lower zone opacity

### 2. GNN disease priors (top predictions):
None

### 3. Knowledge-graph reasoning evidence:
None

### 4. Anatomical context extracted from KG:
None

### TASK:
Generate a complete, clinically accurate radiology report with the following sections:
- Findings
- Impression

Use the evidence above to avoid hallucinations and ensure factual consistency.

TASK:
- Generate a complete, clinically coherent radiology REPORT.
- Include two sections with headings: ""Findings:"" and ""Impression:"".
- Be factual and conservative; rely ONLY on the evidence given above.
- Explicitly mention: heart size, lungs, pleura (effusion/pneumothorax), and bones/other findings.
- Avoid hallucinating new diseases not supported by the evidence.

Return ONLY the report text.",The heart is normal in size. The mediastinum is unremarkable. The lungs are hyperinflated with XXXX XXXX opacities compatible with pleural-parenchymal scarring. There is no acute infiltrate or effusion. Emphysema and scarring without acute disease,"**Findings:**  
The chest X-ray demonstrates clear lung fields bilaterally with no evidence of effusion or pneumothorax. There is pleural thickening noted, particularly in the right lower zone, accompanied by a linear atelectasis pattern. A focal opacity is observed in the right lower zone, which may represent an area of consolidation or scarring. The right hemidiaphragm appears elevated. Additionally, there is a healed rib deformity present, with no acute bony abnormalities identified. The heart size is within normal limits.

**Impression:**  
The findings suggest the presence of pleural thickening and linear atelectasis in the right lower zone, with a focal opacity that may warrant further evaluation. The elevated right hemidiaphragm could be related to the atelectasis or other underlying processes. No acute cardiopulmonary abnormalities are noted, and the heart size is normal. Overall, the findings are consistent with prior lung pathology rather than acute disease. Further clinical correlation may be beneficial."
3224,"You are a board-certified radiologist.

You are given a structured context for a chest X-ray:
You are a radiology report generator. Produce a factual, structured chest X-ray report using the following multimodal evidence:

### 1. Image-derived alignment concepts:
airspace opacity, prominent pulmonary vasculature, focal opacity, linear atelectasis pattern, left perihilar opacity, clear lung fields, ground glass opacity, pleural thickening

### 2. GNN disease priors (top predictions):
None

### 3. Knowledge-graph reasoning evidence:
None

### 4. Anatomical context extracted from KG:
None

### TASK:
Generate a complete, clinically accurate radiology report with the following sections:
- Findings
- Impression

Use the evidence above to avoid hallucinations and ensure factual consistency.

TASK:
- Generate a complete, clinically coherent radiology REPORT.
- Include two sections with headings: ""Findings:"" and ""Impression:"".
- Be factual and conservative; rely ONLY on the evidence given above.
- Explicitly mention: heart size, lungs, pleura (effusion/pneumothorax), and bones/other findings.
- Avoid hallucinating new diseases not supported by the evidence.

Return ONLY the report text.","The cardiomediastinal silhouette is normal in size and contour. No focal consolidation, pneumothorax or large pleural effusion. Negative for acute bone abnormality. Negative for acute abnormality.","**Findings:**  
The chest X-ray demonstrates clear lung fields with no evidence of significant airspace opacity. There is a prominent pulmonary vasculature noted, which may suggest increased blood flow or volume. A focal opacity is observed in the left perihilar region, which requires further evaluation. Additionally, a linear atelectasis pattern is present, indicating possible partial lung collapse. Ground glass opacity is not identified. The pleura appears thickened, but there is no evidence of pleural effusion or pneumothorax. The heart size is within normal limits. No significant bony abnormalities are noted.

**Impression:**  
1. Prominent pulmonary vasculature with a focal opacity in the left perihilar region, warranting further investigation.  
2. Linear atelectasis pattern observed, likely indicating localized lung collapse.  
3. Pleural thickening noted without evidence of effusion or pneumothorax.  
4. Heart size is normal. No acute bony abnormalities detected."
346,"You are a board-certified radiologist.

You are given a structured context for a chest X-ray:
You are a radiology report generator. Produce a factual, structured chest X-ray report using the following multimodal evidence:

### 1. Image-derived alignment concepts:
aortic calcification, enlarged cardiac silhouette, prominent pulmonary vasculature, left perihilar opacity, retrocardiac opacity, linear atelectasis pattern, aortic tortuosity, focal opacity

### 2. GNN disease priors (top predictions):
None

### 3. Knowledge-graph reasoning evidence:
None

### 4. Anatomical context extracted from KG:
None

### TASK:
Generate a complete, clinically accurate radiology report with the following sections:
- Findings
- Impression

Use the evidence above to avoid hallucinations and ensure factual consistency.

TASK:
- Generate a complete, clinically coherent radiology REPORT.
- Include two sections with headings: ""Findings:"" and ""Impression:"".
- Be factual and conservative; rely ONLY on the evidence given above.
- Explicitly mention: heart size, lungs, pleura (effusion/pneumothorax), and bones/other findings.
- Avoid hallucinating new diseases not supported by the evidence.

Return ONLY the report text.","Frontal (on two cassettes) and lateral views of the chest with overlying external cardiac monitor leads show an unchanged cardiomediastinal silhouette. No XXXX focal airspace consolidation or pleural effusion. No acute or active cardiac, pulmonary or pleural disease.","**Findings:**  
The chest X-ray demonstrates an enlarged cardiac silhouette, suggestive of cardiomegaly. There is prominent pulmonary vasculature noted, which may indicate increased blood flow or congestion. A left perihilar opacity is observed, along with a retrocardiac opacity, which could represent atelectasis or other pathology in the left lung. A linear atelectasis pattern is also present, indicating possible partial lung collapse. Additionally, there is evidence of aortic calcification and aortic tortuosity. No pleural effusion or pneumothorax is identified. The bony structures appear unremarkable with no acute osseous abnormalities noted.

**Impression:**  
The findings are consistent with cardiomegaly and increased pulmonary vascular markings. The left perihilar and retrocardiac opacities, along with the linear atelectasis pattern, suggest possible atelectasis or other underlying pathology in the left lung. Aortic calcification and tortuosity are noted but do not indicate acute disease. No significant pleural effusion or pneumothorax is present. Further clinical correlation may be warranted based on the patient's symptoms and history."
1936,"You are a board-certified radiologist.

You are given a structured context for a chest X-ray:
You are a radiology report generator. Produce a factual, structured chest X-ray report using the following multimodal evidence:

### 1. Image-derived alignment concepts:
enlarged cardiac silhouette, aortic calcification, pleural thickening, retrocardiac opacity, focal opacity, prominent pulmonary vasculature, healed rib deformity, left perihilar opacity

### 2. GNN disease priors (top predictions):
None

### 3. Knowledge-graph reasoning evidence:
None

### 4. Anatomical context extracted from KG:
None

### TASK:
Generate a complete, clinically accurate radiology report with the following sections:
- Findings
- Impression

Use the evidence above to avoid hallucinations and ensure factual consistency.

TASK:
- Generate a complete, clinically coherent radiology REPORT.
- Include two sections with headings: ""Findings:"" and ""Impression:"".
- Be factual and conservative; rely ONLY on the evidence given above.
- Explicitly mention: heart size, lungs, pleura (effusion/pneumothorax), and bones/other findings.
- Avoid hallucinating new diseases not supported by the evidence.

Return ONLY the report text.","A right internal jugular XXXX this catheter has been exchanged for a large XXXX left internal jugular central venous catheter with the tip at the cavoatrial junction. No pneumothorax, pleural effusion or airspace consolidation. Stable thoracolumbar scoliosis. No acute bone findings. Stable cardiomegaly. 1. Interval central catheter exchange. No acute cardiopulmonary abnormality. 2. Stable cardiomegaly. .","**Findings:**  
The chest X-ray demonstrates an enlarged cardiac silhouette, suggestive of cardiomegaly. There is evidence of aortic calcification noted. The lungs show prominent pulmonary vasculature, indicating possible increased blood flow or congestion. There is a left perihilar opacity, which may represent an area of consolidation or mass effect. Additionally, retrocardiac opacity is observed, which could suggest a variety of underlying conditions. Pleural thickening is present, but no significant pleural effusion or pneumothorax is identified. A healed rib deformity is noted, indicating a prior rib injury.

**Impression:**  
The findings are consistent with an enlarged cardiac silhouette and aortic calcification, which may suggest underlying cardiovascular disease. The prominent pulmonary vasculature and left perihilar opacity warrant further clinical correlation to rule out potential pulmonary pathology. The presence of pleural thickening should be monitored, and the healed rib deformity is a benign finding. Overall, the chest X-ray findings suggest the need for further evaluation to determine the clinical significance of the observed opacities and vascular changes."
3583,"You are a board-certified radiologist.

You are given a structured context for a chest X-ray:
You are a radiology report generator. Produce a factual, structured chest X-ray report using the following multimodal evidence:

### 1. Image-derived alignment concepts:
airspace opacity, linear atelectasis pattern, clear lung fields, ground glass opacity, pleural thickening, right lower zone opacity, focal opacity, prominent pulmonary vasculature

### 2. GNN disease priors (top predictions):
None

### 3. Knowledge-graph reasoning evidence:
None

### 4. Anatomical context extracted from KG:
None

### TASK:
Generate a complete, clinically accurate radiology report with the following sections:
- Findings
- Impression

Use the evidence above to avoid hallucinations and ensure factual consistency.

TASK:
- Generate a complete, clinically coherent radiology REPORT.
- Include two sections with headings: ""Findings:"" and ""Impression:"".
- Be factual and conservative; rely ONLY on the evidence given above.
- Explicitly mention: heart size, lungs, pleura (effusion/pneumothorax), and bones/other findings.
- Avoid hallucinating new diseases not supported by the evidence.

Return ONLY the report text.","The heart, pulmonary XXXX and mediastinum are within normal limits. There is no pleural effusion or pneumothorax. There is no focal air space opacity to suggest a pneumonia. There are mild degenerative changes of the spine. No acute cardiopulmonary disease.","**Findings:**  
The chest X-ray demonstrates clear lung fields with no evidence of significant airspace opacity. There is a linear atelectasis pattern noted, particularly in the right lower zone, which may suggest some degree of volume loss. Additionally, there is a focal opacity observed in the right lower zone, which requires further correlation with clinical history. The pulmonary vasculature appears prominent, but there are no signs of pleural effusion or pneumothorax. The pleura shows no thickening. The heart size is within normal limits. No bony abnormalities are identified.

**Impression:**  
1. Linear atelectasis pattern in the right lower zone, likely indicating volume loss.  
2. Focal opacity in the right lower zone, further evaluation may be warranted.  
3. Prominent pulmonary vasculature without evidence of heart enlargement.  
4. No pleural effusion or pneumothorax noted.  
5. Overall, the lungs are clear with no significant airspace disease."
3376,"You are a board-certified radiologist.

You are given a structured context for a chest X-ray:
You are a radiology report generator. Produce a factual, structured chest X-ray report using the following multimodal evidence:

### 1. Image-derived alignment concepts:
aortic calcification, airspace opacity, healed rib deformity, retrocardiac opacity, focal opacity, prominent pulmonary vasculature, linear atelectasis pattern, diffuse increased density

### 2. GNN disease priors (top predictions):
None

### 3. Knowledge-graph reasoning evidence:
None

### 4. Anatomical context extracted from KG:
None

### TASK:
Generate a complete, clinically accurate radiology report with the following sections:
- Findings
- Impression

Use the evidence above to avoid hallucinations and ensure factual consistency.

TASK:
- Generate a complete, clinically coherent radiology REPORT.
- Include two sections with headings: ""Findings:"" and ""Impression:"".
- Be factual and conservative; rely ONLY on the evidence given above.
- Explicitly mention: heart size, lungs, pleura (effusion/pneumothorax), and bones/other findings.
- Avoid hallucinating new diseases not supported by the evidence.

Return ONLY the report text.",,"**Findings:**  
The heart size is within normal limits. The lungs demonstrate prominent pulmonary vasculature with areas of airspace opacity noted. There is a linear atelectasis pattern present, and a retrocardiac opacity is observed. Additionally, there is diffuse increased density throughout the lung fields. No pleural effusion or pneumothorax is identified. The bony structures show a healed rib deformity, and there is evidence of aortic calcification.

**Impression:**  
The chest X-ray findings are suggestive of pulmonary vascular congestion, likely related to underlying cardiovascular conditions. The presence of linear atelectasis and airspace opacity may indicate atelectasis or possible infection. The healed rib deformity is noted without acute bony abnormalities. Aortic calcification is present, which may suggest chronic vascular changes. No acute processes such as pleural effusion or pneumothorax are evident. Further clinical correlation may be warranted based on the patient's symptoms and history."
2565,"You are a board-certified radiologist.

You are given a structured context for a chest X-ray:
You are a radiology report generator. Produce a factual, structured chest X-ray report using the following multimodal evidence:

### 1. Image-derived alignment concepts:
airspace opacity, left perihilar opacity, prominent pulmonary vasculature, peribronchial thickening, focal opacity, pleural thickening, retrocardiac opacity, linear atelectasis pattern

### 2. GNN disease priors (top predictions):
None

### 3. Knowledge-graph reasoning evidence:
None

### 4. Anatomical context extracted from KG:
None

### TASK:
Generate a complete, clinically accurate radiology report with the following sections:
- Findings
- Impression

Use the evidence above to avoid hallucinations and ensure factual consistency.

TASK:
- Generate a complete, clinically coherent radiology REPORT.
- Include two sections with headings: ""Findings:"" and ""Impression:"".
- Be factual and conservative; rely ONLY on the evidence given above.
- Explicitly mention: heart size, lungs, pleura (effusion/pneumothorax), and bones/other findings.
- Avoid hallucinating new diseases not supported by the evidence.

Return ONLY the report text.",The heart is normal in size. The aorta is tortuous. The lungs are hypoinflated. No focal consolidation or pleural effusion seen. Old right-sided rib fracture is noted. 1. Low lung volumes without acute infiltrate. 2. Aortic tortuosity and mild ectasia.,"**Findings:**  
The heart size is within normal limits. The lungs demonstrate airspace opacity, particularly noted in the left perihilar region, with associated prominent pulmonary vasculature. There is evidence of peribronchial thickening and a focal opacity present. Additionally, there is pleural thickening observed. A retrocardiac opacity is also noted, along with a linear atelectasis pattern. No significant effusion or pneumothorax is identified. The bony structures appear unremarkable with no acute osseous abnormalities.

**Impression:**  
The chest X-ray findings suggest the presence of left perihilar opacity with associated pulmonary vascular prominence and peribronchial thickening. The linear atelectasis pattern may indicate areas of lung collapse. Pleural thickening is noted, but there is no evidence of effusion or pneumothorax. Further clinical correlation and possible follow-up imaging may be warranted to evaluate the significance of these findings."
2510,"You are a board-certified radiologist.

You are given a structured context for a chest X-ray:
You are a radiology report generator. Produce a factual, structured chest X-ray report using the following multimodal evidence:

### 1. Image-derived alignment concepts:
airspace opacity, focal opacity, pleural thickening, clear lung fields, linear atelectasis pattern, prominent pulmonary vasculature, left perihilar opacity, ground glass opacity

### 2. GNN disease priors (top predictions):
None

### 3. Knowledge-graph reasoning evidence:
None

### 4. Anatomical context extracted from KG:
None

### TASK:
Generate a complete, clinically accurate radiology report with the following sections:
- Findings
- Impression

Use the evidence above to avoid hallucinations and ensure factual consistency.

TASK:
- Generate a complete, clinically coherent radiology REPORT.
- Include two sections with headings: ""Findings:"" and ""Impression:"".
- Be factual and conservative; rely ONLY on the evidence given above.
- Explicitly mention: heart size, lungs, pleura (effusion/pneumothorax), and bones/other findings.
- Avoid hallucinating new diseases not supported by the evidence.

Return ONLY the report text.",Lungs are clear. No pleural effusions or pneumothoraces. Heart and mediastinum of normal size and contour. Degenerative changes in the thoracic spine. Clear lungs.,"**Findings:**  
The chest X-ray demonstrates clear lung fields with no evidence of significant pleural effusion or pneumothorax. There is a left perihilar opacity noted, which may represent focal opacity. The pulmonary vasculature appears prominent, and there is a linear atelectasis pattern observed. Ground glass opacity is not present. The heart size is within normal limits. No bony abnormalities are identified.

**Impression:**  
The findings suggest a left perihilar opacity with prominent pulmonary vasculature and linear atelectasis pattern. There are no signs of pleural effusion or pneumothorax. Overall, the heart size is normal, and the lung fields are clear. Further clinical correlation may be warranted to evaluate the significance of the left perihilar opacity."
506,"You are a board-certified radiologist.

You are given a structured context for a chest X-ray:
You are a radiology report generator. Produce a factual, structured chest X-ray report using the following multimodal evidence:

### 1. Image-derived alignment concepts:
airspace opacity, linear atelectasis pattern, clear lung fields, prominent pulmonary vasculature, pleural thickening, focal opacity, ground glass opacity, left perihilar opacity

### 2. GNN disease priors (top predictions):
None

### 3. Knowledge-graph reasoning evidence:
None

### 4. Anatomical context extracted from KG:
None

### TASK:
Generate a complete, clinically accurate radiology report with the following sections:
- Findings
- Impression

Use the evidence above to avoid hallucinations and ensure factual consistency.

TASK:
- Generate a complete, clinically coherent radiology REPORT.
- Include two sections with headings: ""Findings:"" and ""Impression:"".
- Be factual and conservative; rely ONLY on the evidence given above.
- Explicitly mention: heart size, lungs, pleura (effusion/pneumothorax), and bones/other findings.
- Avoid hallucinating new diseases not supported by the evidence.

Return ONLY the report text.",Cardiac and mediastinal contours are within normal limits. The lungs are clear. Bony structures are intact. No x-XXXX evidence of metastatic disease.,"**Findings:**  
The chest X-ray demonstrates clear lung fields with no evidence of significant airspace opacity. There is a linear atelectasis pattern noted, which may suggest some degree of volume loss in the affected areas. The pulmonary vasculature appears prominent, indicating possible increased blood flow or vascular congestion. Additionally, there is a left perihilar opacity that warrants further evaluation. Pleural thickening is observed, but there is no evidence of pleural effusion or pneumothorax. The heart size is within normal limits. No acute bony abnormalities are identified.

**Impression:**  
The chest X-ray shows clear lung fields with a linear atelectasis pattern and prominent pulmonary vasculature. The left perihilar opacity and pleural thickening are noted, which may require further clinical correlation or follow-up imaging. Overall, there are no acute findings of effusion or pneumothorax, and the heart size is normal."
3048,"You are a board-certified radiologist.

You are given a structured context for a chest X-ray:
You are a radiology report generator. Produce a factual, structured chest X-ray report using the following multimodal evidence:

### 1. Image-derived alignment concepts:
airspace opacity, focal opacity, right lower zone opacity, linear atelectasis pattern, pleural thickening, prominent pulmonary vasculature, healed rib deformity, ground glass opacity

### 2. GNN disease priors (top predictions):
None

### 3. Knowledge-graph reasoning evidence:
None

### 4. Anatomical context extracted from KG:
None

### TASK:
Generate a complete, clinically accurate radiology report with the following sections:
- Findings
- Impression

Use the evidence above to avoid hallucinations and ensure factual consistency.

TASK:
- Generate a complete, clinically coherent radiology REPORT.
- Include two sections with headings: ""Findings:"" and ""Impression:"".
- Be factual and conservative; rely ONLY on the evidence given above.
- Explicitly mention: heart size, lungs, pleura (effusion/pneumothorax), and bones/other findings.
- Avoid hallucinating new diseases not supported by the evidence.

Return ONLY the report text.",Normal cardiac contours. Clear lung XXXX bilaterally. No pneumothorax or pleural effusions. 1. No acute cardiopulmonary abnormalities.,"**Findings:**  
The chest X-ray demonstrates the following findings:  
- The heart size is within normal limits.  
- The lungs show areas of airspace opacity, particularly noted in the right lower zone, which may suggest an underlying process such as infection or inflammation.  
- There is a linear atelectasis pattern observed, indicating possible partial lung collapse.  
- Prominent pulmonary vasculature is noted, which may suggest increased blood flow or pressure within the pulmonary circulation.  
- Pleural thickening is present, but there is no evidence of pleural effusion or pneumothorax.  
- A healed rib deformity is observed, indicating a prior rib injury.  
- Ground glass opacity is also noted, which may indicate a variety of conditions, including interstitial lung disease or pulmonary edema.  

**Impression:**  
The chest X-ray findings are suggestive of possible underlying lung pathology, particularly in the right lower zone with airspace opacity and linear atelectasis. The prominent pulmonary vasculature and ground glass opacity warrant further clinical correlation. There is no evidence of pleural effusion or pneumothorax. The presence of pleural thickening and a healed rib deformity should be noted in the clinical context. Further evaluation may be necessary based on clinical symptoms and history."
2427,"You are a board-certified radiologist.

You are given a structured context for a chest X-ray:
You are a radiology report generator. Produce a factual, structured chest X-ray report using the following multimodal evidence:

### 1. Image-derived alignment concepts:
airspace opacity, left perihilar opacity, pleural thickening, linear atelectasis pattern, focal opacity, ground glass opacity, clear lung fields, right lower zone opacity

### 2. GNN disease priors (top predictions):
None

### 3. Knowledge-graph reasoning evidence:
None

### 4. Anatomical context extracted from KG:
None

### TASK:
Generate a complete, clinically accurate radiology report with the following sections:
- Findings
- Impression

Use the evidence above to avoid hallucinations and ensure factual consistency.

TASK:
- Generate a complete, clinically coherent radiology REPORT.
- Include two sections with headings: ""Findings:"" and ""Impression:"".
- Be factual and conservative; rely ONLY on the evidence given above.
- Explicitly mention: heart size, lungs, pleura (effusion/pneumothorax), and bones/other findings.
- Avoid hallucinating new diseases not supported by the evidence.

Return ONLY the report text.","The trachea is midline. The cardiomediastinal silhouette is normal and unchanged compared to prior examination. The lungs are clear, without evidence of acute infiltrate or effusion. There is no pneumothorax. The visualized bony structures reveal no acute abnormalities. There is hiatal hernia. No acute cardiopulmonary abnormalities.","**Findings:**  
The chest X-ray demonstrates clear lung fields bilaterally with the exception of a focal opacity noted in the right lower zone. There is also a left perihilar opacity observed, which may suggest an area of airspace opacity. Additionally, pleural thickening is present, and a linear atelectasis pattern is noted. Ground glass opacity is not identified. The heart size appears within normal limits, and there are no signs of effusion or pneumothorax. The bony structures are unremarkable with no acute osseous abnormalities.

**Impression:**  
The findings suggest the presence of a left perihilar opacity and a focal opacity in the right lower zone, which may warrant further clinical correlation. The pleural thickening and linear atelectasis pattern could indicate underlying pathology that may require additional evaluation. Overall, the heart size is normal, and there are no significant abnormalities in the lungs or pleura."
1876,"You are a board-certified radiologist.

You are given a structured context for a chest X-ray:
You are a radiology report generator. Produce a factual, structured chest X-ray report using the following multimodal evidence:

### 1. Image-derived alignment concepts:
prominent pulmonary vasculature, airspace opacity, linear atelectasis pattern, clear lung fields, left perihilar opacity, right lower zone opacity, focal opacity, ground glass opacity

### 2. GNN disease priors (top predictions):
None

### 3. Knowledge-graph reasoning evidence:
None

### 4. Anatomical context extracted from KG:
None

### TASK:
Generate a complete, clinically accurate radiology report with the following sections:
- Findings
- Impression

Use the evidence above to avoid hallucinations and ensure factual consistency.

TASK:
- Generate a complete, clinically coherent radiology REPORT.
- Include two sections with headings: ""Findings:"" and ""Impression:"".
- Be factual and conservative; rely ONLY on the evidence given above.
- Explicitly mention: heart size, lungs, pleura (effusion/pneumothorax), and bones/other findings.
- Avoid hallucinating new diseases not supported by the evidence.

Return ONLY the report text.","Cardiomediastinal silhouettes are within normal limits. Lungs are clear without focal consolidation, pneumothorax, or pleural effusion. Right apical pleural retraction. Hyperexpansion, flattening of diaphragms, and increased AP diameter consistent with history of COPD. Degenerative disease of the thoracic spine is present. No acute cardiopulmonary abnormalities.","**Findings:**  
The chest X-ray demonstrates prominent pulmonary vasculature. There are clear lung fields overall, but notable findings include a left perihilar opacity and a right lower zone opacity. Additionally, a linear atelectasis pattern is observed. Focal opacities are present, and there is evidence of ground glass opacity. The heart size appears within normal limits. The pleura show no signs of effusion or pneumothorax. The bony structures are unremarkable with no acute osseous abnormalities identified.

**Impression:**  
The findings suggest the presence of localized opacities in the left perihilar and right lower zone regions, which may indicate underlying pathology such as infection or inflammation. The linear atelectasis pattern and ground glass opacity warrant further clinical correlation. Overall, there are no significant abnormalities in heart size or pleural spaces. Further evaluation may be necessary based on clinical context."
3687,"You are a board-certified radiologist.

You are given a structured context for a chest X-ray:
You are a radiology report generator. Produce a factual, structured chest X-ray report using the following multimodal evidence:

### 1. Image-derived alignment concepts:
healed rib deformity, linear atelectasis pattern, focal opacity, enlarged cardiac silhouette, airspace opacity, left perihilar opacity, right lower zone opacity, clear lung fields

### 2. GNN disease priors (top predictions):
None

### 3. Knowledge-graph reasoning evidence:
None

### 4. Anatomical context extracted from KG:
None

### TASK:
Generate a complete, clinically accurate radiology report with the following sections:
- Findings
- Impression

Use the evidence above to avoid hallucinations and ensure factual consistency.

TASK:
- Generate a complete, clinically coherent radiology REPORT.
- Include two sections with headings: ""Findings:"" and ""Impression:"".
- Be factual and conservative; rely ONLY on the evidence given above.
- Explicitly mention: heart size, lungs, pleura (effusion/pneumothorax), and bones/other findings.
- Avoid hallucinating new diseases not supported by the evidence.

Return ONLY the report text.",Heart size and mediastinal contours are within normal limits given AP projection. The right lung appears clear. There is minimal patchy atelectasis or early infiltrate in left lung base. No visible pleural effusion or pneumothorax. There is a partially visualized IVC XXXX on the lateral view. There are partially visualized surgical changes the cervical spine compatible with prior fusion procedure. Minimal patchy left basilar atelectasis or infiltrate.,"**Findings:**  
The chest X-ray demonstrates a healed rib deformity, indicating previous rib injury or trauma. There is a linear atelectasis pattern noted, which may suggest areas of lung collapse. Focal opacity is present in the left perihilar region, and there is also an opacity observed in the right lower zone. The cardiac silhouette appears enlarged, which may indicate cardiomegaly. The lung fields are otherwise clear, with no evidence of pleural effusion or pneumothorax.

**Impression:**  
1. Healed rib deformity.  
2. Linear atelectasis pattern.  
3. Focal opacity in the left perihilar region and right lower zone opacity.  
4. Enlarged cardiac silhouette, suggestive of cardiomegaly.  
5. Clear lung fields with no signs of pleural effusion or pneumothorax.  
6. No acute disease processes identified."
935,"You are a board-certified radiologist.

You are given a structured context for a chest X-ray:
You are a radiology report generator. Produce a factual, structured chest X-ray report using the following multimodal evidence:

### 1. Image-derived alignment concepts:
linear atelectasis pattern, airspace opacity, clear lung fields, prominent pulmonary vasculature, right lower zone opacity, left perihilar opacity, pleural thickening, ground glass opacity

### 2. GNN disease priors (top predictions):
None

### 3. Knowledge-graph reasoning evidence:
None

### 4. Anatomical context extracted from KG:
None

### TASK:
Generate a complete, clinically accurate radiology report with the following sections:
- Findings
- Impression

Use the evidence above to avoid hallucinations and ensure factual consistency.

TASK:
- Generate a complete, clinically coherent radiology REPORT.
- Include two sections with headings: ""Findings:"" and ""Impression:"".
- Be factual and conservative; rely ONLY on the evidence given above.
- Explicitly mention: heart size, lungs, pleura (effusion/pneumothorax), and bones/other findings.
- Avoid hallucinating new diseases not supported by the evidence.

Return ONLY the report text.","Comparison XXXX, XXXX. Well-expanded and clear lungs. Mediastinal contour within normal limits. No acute cardiopulmonary abnormality identified. Stable chest.","**Findings:**  
The heart size is within normal limits. The lungs demonstrate clear lung fields overall; however, there is a notable right lower zone opacity and a left perihilar opacity. There is evidence of linear atelectasis pattern and airspace opacity in the affected regions. Prominent pulmonary vasculature is observed. Pleural thickening is present, but there is no evidence of pleural effusion or pneumothorax. The bony structures appear unremarkable with no acute osseous abnormalities noted.

**Impression:**  
The chest X-ray shows clear lung fields with localized opacities in the right lower zone and left perihilar region, suggestive of possible atelectasis or airspace disease. Prominent pulmonary vasculature may indicate increased blood flow or congestion. Pleural thickening is noted without associated effusion or pneumothorax. Overall, the findings are nonspecific and may warrant further clinical correlation and possible follow-up imaging."
3020,"You are a board-certified radiologist.

You are given a structured context for a chest X-ray:
You are a radiology report generator. Produce a factual, structured chest X-ray report using the following multimodal evidence:

### 1. Image-derived alignment concepts:
linear atelectasis pattern, clear lung fields, airspace opacity, focal opacity, prominent pulmonary vasculature, ground glass opacity, left perihilar opacity, pleural thickening

### 2. GNN disease priors (top predictions):
None

### 3. Knowledge-graph reasoning evidence:
None

### 4. Anatomical context extracted from KG:
None

### TASK:
Generate a complete, clinically accurate radiology report with the following sections:
- Findings
- Impression

Use the evidence above to avoid hallucinations and ensure factual consistency.

TASK:
- Generate a complete, clinically coherent radiology REPORT.
- Include two sections with headings: ""Findings:"" and ""Impression:"".
- Be factual and conservative; rely ONLY on the evidence given above.
- Explicitly mention: heart size, lungs, pleura (effusion/pneumothorax), and bones/other findings.
- Avoid hallucinating new diseases not supported by the evidence.

Return ONLY the report text.",Heart size and mediastinal contours are normal in appearance. No consolidative airspace opacities. No radiographic evidence of pleural effusion or pneumothorax. Visualized osseous structures appear intact. No acute cardiopulmonary abnormality.,"**Findings:**  
The chest X-ray demonstrates clear lung fields with no evidence of significant airspace disease. There is a linear atelectasis pattern noted, which may suggest some degree of volume loss in the affected area. A focal opacity is observed in the left perihilar region, which may represent a localized process. The pulmonary vasculature appears prominent, but there are no signs of pulmonary edema. Ground glass opacity is not present. There is pleural thickening noted, but no pleural effusion or pneumothorax is identified. The heart size is within normal limits. The bony structures appear unremarkable with no acute osseous abnormalities.

**Impression:**  
The chest X-ray findings are suggestive of linear atelectasis with a focal opacity in the left perihilar region. Prominent pulmonary vasculature is noted, but there are no signs of acute pathology such as effusion or pneumothorax. Overall, the heart size is normal, and the bony structures are intact. Further clinical correlation may be warranted to evaluate the significance of the left perihilar opacity."
2185,"You are a board-certified radiologist.

You are given a structured context for a chest X-ray:
You are a radiology report generator. Produce a factual, structured chest X-ray report using the following multimodal evidence:

### 1. Image-derived alignment concepts:
pleural thickening, airspace opacity, enlarged cardiac silhouette, linear atelectasis pattern, diffuse increased density, healed rib deformity, elevated hemidiaphragm, focal opacity

### 2. GNN disease priors (top predictions):
None

### 3. Knowledge-graph reasoning evidence:
None

### 4. Anatomical context extracted from KG:
None

### TASK:
Generate a complete, clinically accurate radiology report with the following sections:
- Findings
- Impression

Use the evidence above to avoid hallucinations and ensure factual consistency.

TASK:
- Generate a complete, clinically coherent radiology REPORT.
- Include two sections with headings: ""Findings:"" and ""Impression:"".
- Be factual and conservative; rely ONLY on the evidence given above.
- Explicitly mention: heart size, lungs, pleura (effusion/pneumothorax), and bones/other findings.
- Avoid hallucinating new diseases not supported by the evidence.

Return ONLY the report text.",There are low lung volumes with bibasilar opacities XXXX representing subsegmental atelectasis. The cardio the cardiac silhouette is of the XXXX of normal. There is no pneumothorax or pleural effusion. Low lung volumes with bibasilar streaky opacities most XXXX representing subsegmental atelectasis.,"**Findings:**  
The chest X-ray demonstrates an enlarged cardiac silhouette. There is evidence of pleural thickening noted bilaterally. The lungs show areas of airspace opacity, with a linear atelectasis pattern observed in the right lower lobe. Additionally, there is diffuse increased density throughout the lung fields. An elevated right hemidiaphragm is also noted. A focal opacity is present, which may represent a localized process. There is a healed rib deformity visualized in the left lateral aspect of the thoracic cage.

**Impression:**  
The findings suggest an enlarged heart size with associated pleural thickening and airspace opacity, likely indicating underlying pulmonary pathology. The linear atelectasis pattern and elevated hemidiaphragm may suggest restrictive lung disease or previous surgical history. The focal opacity warrants further clinical correlation to determine its significance. The healed rib deformity is noted but is not acute in nature. No evidence of acute effusion or pneumothorax is observed. Further evaluation may be necessary based on clinical context."
2086,"You are a board-certified radiologist.

You are given a structured context for a chest X-ray:
You are a radiology report generator. Produce a factual, structured chest X-ray report using the following multimodal evidence:

### 1. Image-derived alignment concepts:
airspace opacity, prominent pulmonary vasculature, left perihilar opacity, clear lung fields, linear atelectasis pattern, focal opacity, right lower zone opacity, ground glass opacity

### 2. GNN disease priors (top predictions):
None

### 3. Knowledge-graph reasoning evidence:
None

### 4. Anatomical context extracted from KG:
None

### TASK:
Generate a complete, clinically accurate radiology report with the following sections:
- Findings
- Impression

Use the evidence above to avoid hallucinations and ensure factual consistency.

TASK:
- Generate a complete, clinically coherent radiology REPORT.
- Include two sections with headings: ""Findings:"" and ""Impression:"".
- Be factual and conservative; rely ONLY on the evidence given above.
- Explicitly mention: heart size, lungs, pleura (effusion/pneumothorax), and bones/other findings.
- Avoid hallucinating new diseases not supported by the evidence.

Return ONLY the report text.",The cardiomediastinal silhouette is within normal limits. Lungs are clear without focal consolidation. No visualized pneumothorax or large pleural effusion. No acute bone abnormality. No acute cardiopulmonary process.,"**Findings:**  
The chest X-ray demonstrates clear lung fields bilaterally with no evidence of pleural effusion or pneumothorax. There is a prominent pulmonary vasculature noted. A left perihilar opacity is observed, along with a focal opacity in the right lower zone. Additionally, a linear atelectasis pattern is present. Ground glass opacity is not identified. The heart size appears within normal limits, and there are no significant abnormalities noted in the bones or other structures.

**Impression:**  
The findings suggest the presence of a left perihilar opacity and a focal opacity in the right lower zone, which may warrant further clinical correlation. The prominent pulmonary vasculature could indicate increased blood flow or congestion. The linear atelectasis pattern may suggest areas of lung collapse. Overall, there are no acute processes identified, and the heart size is normal. Further evaluation may be considered based on clinical context."
1629,"You are a board-certified radiologist.

You are given a structured context for a chest X-ray:
You are a radiology report generator. Produce a factual, structured chest X-ray report using the following multimodal evidence:

### 1. Image-derived alignment concepts:
aortic calcification, pleural thickening, prominent pulmonary vasculature, airspace opacity, retrocardiac opacity, linear atelectasis pattern, healed rib deformity, focal opacity

### 2. GNN disease priors (top predictions):
None

### 3. Knowledge-graph reasoning evidence:
None

### 4. Anatomical context extracted from KG:
None

### TASK:
Generate a complete, clinically accurate radiology report with the following sections:
- Findings
- Impression

Use the evidence above to avoid hallucinations and ensure factual consistency.

TASK:
- Generate a complete, clinically coherent radiology REPORT.
- Include two sections with headings: ""Findings:"" and ""Impression:"".
- Be factual and conservative; rely ONLY on the evidence given above.
- Explicitly mention: heart size, lungs, pleura (effusion/pneumothorax), and bones/other findings.
- Avoid hallucinating new diseases not supported by the evidence.

Return ONLY the report text.",The cardiomediastinal silhouette and vasculature are within normal limits for size and contour. No significant hilar process to suggest adenopathy. The lungs are normally inflated and clear. Osseous structures are within normal limits for patient age. 1. No active disease.,"**Findings:**  
The heart size is within normal limits. The lungs demonstrate prominent pulmonary vasculature with areas of airspace opacity noted. There is evidence of linear atelectasis pattern in the left lower lobe. Additionally, there is retrocardiac opacity present. Pleural thickening is observed, but no significant pleural effusion or pneumothorax is identified. There is a healed rib deformity noted on the right side, and focal opacity is present in the right lung field. Aortic calcification is also evident.

**Impression:**  
The chest X-ray shows prominent pulmonary vasculature and airspace opacity, suggestive of possible underlying pathology. Linear atelectasis and retrocardiac opacity may indicate atelectatic changes or other processes. Pleural thickening is noted without significant effusion or pneumothorax. The presence of a healed rib deformity and aortic calcification are also observed. Overall, the findings warrant further clinical correlation and potential follow-up imaging to assess the underlying causes of the observed opacities and vascular changes."
870,"You are a board-certified radiologist.

You are given a structured context for a chest X-ray:
You are a radiology report generator. Produce a factual, structured chest X-ray report using the following multimodal evidence:

### 1. Image-derived alignment concepts:
linear atelectasis pattern, airspace opacity, pleural thickening, healed rib deformity, left perihilar opacity, clear lung fields, focal opacity, prominent pulmonary vasculature

### 2. GNN disease priors (top predictions):
None

### 3. Knowledge-graph reasoning evidence:
None

### 4. Anatomical context extracted from KG:
None

### TASK:
Generate a complete, clinically accurate radiology report with the following sections:
- Findings
- Impression

Use the evidence above to avoid hallucinations and ensure factual consistency.

TASK:
- Generate a complete, clinically coherent radiology REPORT.
- Include two sections with headings: ""Findings:"" and ""Impression:"".
- Be factual and conservative; rely ONLY on the evidence given above.
- Explicitly mention: heart size, lungs, pleura (effusion/pneumothorax), and bones/other findings.
- Avoid hallucinating new diseases not supported by the evidence.

Return ONLY the report text.",The heart and lungs have XXXX XXXX in the interval. Both lungs are clear and expanded. Heart and mediastinum normal. No active disease.,"**Findings:**  
The heart size is within normal limits. The lungs demonstrate clear lung fields bilaterally, with no evidence of significant airspace disease. However, there is a linear atelectasis pattern noted, along with a left perihilar opacity. Focal opacity is also present, and the pulmonary vasculature appears prominent. There is pleural thickening observed, but no pleural effusion or pneumothorax is identified. Additionally, there is a healed rib deformity noted in the bony structures.

**Impression:**  
The chest X-ray shows clear lung fields with a linear atelectasis pattern and a left perihilar opacity, which may warrant further clinical correlation. The presence of pleural thickening without effusion or pneumothorax is noted. The prominent pulmonary vasculature may suggest underlying vascular changes. The healed rib deformity is an incidental finding. Overall, no acute disease is identified."
661,"You are a board-certified radiologist.

You are given a structured context for a chest X-ray:
You are a radiology report generator. Produce a factual, structured chest X-ray report using the following multimodal evidence:

### 1. Image-derived alignment concepts:
airspace opacity, prominent pulmonary vasculature, linear atelectasis pattern, pleural thickening, left perihilar opacity, clear lung fields, healed rib deformity, ground glass opacity

### 2. GNN disease priors (top predictions):
None

### 3. Knowledge-graph reasoning evidence:
None

### 4. Anatomical context extracted from KG:
None

### TASK:
Generate a complete, clinically accurate radiology report with the following sections:
- Findings
- Impression

Use the evidence above to avoid hallucinations and ensure factual consistency.

TASK:
- Generate a complete, clinically coherent radiology REPORT.
- Include two sections with headings: ""Findings:"" and ""Impression:"".
- Be factual and conservative; rely ONLY on the evidence given above.
- Explicitly mention: heart size, lungs, pleura (effusion/pneumothorax), and bones/other findings.
- Avoid hallucinating new diseases not supported by the evidence.

Return ONLY the report text.",Spinal stimulator in XXXX. Lungs are clear without focal airspace disease. No pleural effusions or pneumothoraces. Heart and mediastinum of normal size and contour. Degenerative changes in the thoracic spine. Clear lungs.,"**Findings:**  
The chest X-ray demonstrates clear lung fields bilaterally with no evidence of acute infiltrates. There is a left perihilar opacity noted, which may suggest localized airspace opacity. Prominent pulmonary vasculature is observed, indicating possible increased blood flow or vascular congestion. A linear atelectasis pattern is present, which may suggest areas of lung collapse. Additionally, there is pleural thickening noted, but no significant pleural effusion or pneumothorax is identified. The heart size appears within normal limits. There is a healed rib deformity visualized, which is consistent with prior trauma. Ground glass opacity is not specifically noted in the findings.

**Impression:**  
The chest X-ray shows clear lung fields with a left perihilar opacity and prominent pulmonary vasculature. Linear atelectasis is present, and pleural thickening is noted without evidence of effusion or pneumothorax. The heart size is normal, and there is a healed rib deformity. Overall, the findings are suggestive of chronic changes rather than acute pathology. Further clinical correlation may be warranted based on the patient's history and symptoms."
569,"You are a board-certified radiologist.

You are given a structured context for a chest X-ray:
You are a radiology report generator. Produce a factual, structured chest X-ray report using the following multimodal evidence:

### 1. Image-derived alignment concepts:
airspace opacity, pleural thickening, linear atelectasis pattern, right lower zone opacity, enlarged cardiac silhouette, healed rib deformity, elevated hemidiaphragm, clear lung fields

### 2. GNN disease priors (top predictions):
None

### 3. Knowledge-graph reasoning evidence:
None

### 4. Anatomical context extracted from KG:
None

### TASK:
Generate a complete, clinically accurate radiology report with the following sections:
- Findings
- Impression

Use the evidence above to avoid hallucinations and ensure factual consistency.

TASK:
- Generate a complete, clinically coherent radiology REPORT.
- Include two sections with headings: ""Findings:"" and ""Impression:"".
- Be factual and conservative; rely ONLY on the evidence given above.
- Explicitly mention: heart size, lungs, pleura (effusion/pneumothorax), and bones/other findings.
- Avoid hallucinating new diseases not supported by the evidence.

Return ONLY the report text.","The heart size and pulmonary vascularity appear within normal limits. The left hemidiaphragm remains elevated. Right base densities are again noted which appear improved. Previously seen left pleural effusion has resolved. There continues to be some left base opacities which may represent atelectasis. Surgical clips and suture lines are noted in the mediastinum. An air-fluid level is seen in the upper right abdomen immediately below the right hemidiaphragm. Extensive pleural densities are present on the right which may represent localized fluid or pleural thickening. No definite pneumothorax is seen. 1. Continued elevation of the left hemidiaphragm. 2. Extensive post-op changes. 3. Right pleural densities which may represent thickening or localized fluid. 4. Air-fluid level below the right hemidiaphragm medially. Although this could represent air-fluid within a XXXX of bowel, a subpulmonic process is a consideration. If clinically indicated, XXXX scan would better define this.","**Findings:**  
The chest X-ray demonstrates the following findings:  
- There is airspace opacity noted in the right lower zone, which may suggest an underlying process such as infection or consolidation.  
- Pleural thickening is observed, indicating possible chronic changes or previous pleural disease.  
- A linear atelectasis pattern is present, which may be related to the airspace opacity.  
- The cardiac silhouette appears enlarged, suggesting cardiomegaly.  
- There is a healed rib deformity noted, likely representing a previous fracture.  
- The right hemidiaphragm is elevated, which may be due to phrenic nerve dysfunction or other causes.  
- The lung fields are otherwise clear, with no evidence of effusion or pneumothorax.

**Impression:**  
The chest X-ray findings are consistent with right lower zone airspace opacity, possibly indicating infection or consolidation, along with pleural thickening and linear atelectasis. The enlarged cardiac silhouette suggests cardiomegaly. The presence of a healed rib deformity is noted, and the elevated right hemidiaphragm may warrant further clinical correlation. Overall, there are no acute processes identified in the lung fields, and no pleural effusion or pneumothorax is present."
2657,"You are a board-certified radiologist.

You are given a structured context for a chest X-ray:
You are a radiology report generator. Produce a factual, structured chest X-ray report using the following multimodal evidence:

### 1. Image-derived alignment concepts:
clear lung fields, pleural thickening, airspace opacity, linear atelectasis pattern, healed rib deformity, prominent pulmonary vasculature, right lower zone opacity, peribronchial thickening

### 2. GNN disease priors (top predictions):
None

### 3. Knowledge-graph reasoning evidence:
None

### 4. Anatomical context extracted from KG:
None

### TASK:
Generate a complete, clinically accurate radiology report with the following sections:
- Findings
- Impression

Use the evidence above to avoid hallucinations and ensure factual consistency.

TASK:
- Generate a complete, clinically coherent radiology REPORT.
- Include two sections with headings: ""Findings:"" and ""Impression:"".
- Be factual and conservative; rely ONLY on the evidence given above.
- Explicitly mention: heart size, lungs, pleura (effusion/pneumothorax), and bones/other findings.
- Avoid hallucinating new diseases not supported by the evidence.

Return ONLY the report text.","Heart size is normal. Small bilateral pleural effusions right greater than left. Probable interstitial edema, less XXXX fibrosis.","**Findings:**  
The chest X-ray demonstrates clear lung fields bilaterally with no evidence of effusion or pneumothorax. There is notable pleural thickening present. A linear atelectasis pattern is observed, particularly in the right lower zone, which also shows an area of airspace opacity. Prominent pulmonary vasculature is noted, and there is peribronchial thickening. Additionally, there is a healed rib deformity visualized on the right side. The heart size is within normal limits.

**Impression:**  
The findings are suggestive of chronic changes, likely related to previous pulmonary processes, as indicated by the pleural thickening and linear atelectasis. The airspace opacity in the right lower zone may warrant further clinical correlation to rule out any acute processes. No acute cardiopulmonary abnormalities are identified, and the heart size remains normal."
2595,"You are a board-certified radiologist.

You are given a structured context for a chest X-ray:
You are a radiology report generator. Produce a factual, structured chest X-ray report using the following multimodal evidence:

### 1. Image-derived alignment concepts:
prominent pulmonary vasculature, clear lung fields, left perihilar opacity, linear atelectasis pattern, airspace opacity, pleural thickening, peribronchial thickening, focal opacity

### 2. GNN disease priors (top predictions):
None

### 3. Knowledge-graph reasoning evidence:
None

### 4. Anatomical context extracted from KG:
None

### TASK:
Generate a complete, clinically accurate radiology report with the following sections:
- Findings
- Impression

Use the evidence above to avoid hallucinations and ensure factual consistency.

TASK:
- Generate a complete, clinically coherent radiology REPORT.
- Include two sections with headings: ""Findings:"" and ""Impression:"".
- Be factual and conservative; rely ONLY on the evidence given above.
- Explicitly mention: heart size, lungs, pleura (effusion/pneumothorax), and bones/other findings.
- Avoid hallucinating new diseases not supported by the evidence.

Return ONLY the report text.","The lungs are clear bilaterally. Specifically, no evidence of focal consolidation, pneumothorax, or pleural effusion.. Cardio mediastinal silhouette is unremarkable. Visualized osseous structures of the thorax are without acute abnormality. No acute cardiopulmonary abnormality..","**Findings:**  
The heart size is within normal limits. The lungs demonstrate prominent pulmonary vasculature with clear lung fields overall. However, there is a left perihilar opacity noted, which may represent an area of concern. Additionally, a linear atelectasis pattern is observed, along with airspace opacity in the left lung. There is evidence of pleural thickening, and peribronchial thickening is also present. No significant pleural effusion or pneumothorax is identified. The bony structures appear unremarkable with no acute osseous abnormalities noted.

**Impression:**  
The chest X-ray shows prominent pulmonary vasculature and clear lung fields, but the presence of left perihilar opacity, linear atelectasis, airspace opacity, pleural thickening, and peribronchial thickening warrants further clinical correlation. No acute disease is identified, but the findings may suggest underlying pathology that should be evaluated in the clinical context."
54,"You are a board-certified radiologist.

You are given a structured context for a chest X-ray:
You are a radiology report generator. Produce a factual, structured chest X-ray report using the following multimodal evidence:

### 1. Image-derived alignment concepts:
airspace opacity, focal opacity, linear atelectasis pattern, prominent pulmonary vasculature, pleural thickening, left perihilar opacity, clear lung fields, ground glass opacity

### 2. GNN disease priors (top predictions):
None

### 3. Knowledge-graph reasoning evidence:
None

### 4. Anatomical context extracted from KG:
None

### TASK:
Generate a complete, clinically accurate radiology report with the following sections:
- Findings
- Impression

Use the evidence above to avoid hallucinations and ensure factual consistency.

TASK:
- Generate a complete, clinically coherent radiology REPORT.
- Include two sections with headings: ""Findings:"" and ""Impression:"".
- Be factual and conservative; rely ONLY on the evidence given above.
- Explicitly mention: heart size, lungs, pleura (effusion/pneumothorax), and bones/other findings.
- Avoid hallucinating new diseases not supported by the evidence.

Return ONLY the report text.","The lungs are clear bilaterally. Specifically, no evidence of focal consolidation, pneumothorax, or pleural effusion.. Minimal right basilar subsegmental atelectasis noted. Cardio mediastinal silhouette is unremarkable. Tortuosity of the thoracic aorta noted. Scattered calcified granulomas are seen without evidence of active granulomatous/tuberculous process. Visualized osseous structures of the thorax are without acute abnormality. No acute cardiopulmonary abnormality.","**Findings:**  
The chest X-ray demonstrates clear lung fields bilaterally with no evidence of significant airspace opacity or focal opacity. There is a linear atelectasis pattern noted, which may suggest some degree of volume loss in the affected areas. The pulmonary vasculature appears prominent, which could indicate increased blood flow or congestion. Additionally, there is a left perihilar opacity observed, which may warrant further evaluation. Pleural thickening is present, but there are no signs of pleural effusion or pneumothorax. The heart size is within normal limits, and there are no significant abnormalities noted in the bones or other structures.

**Impression:**  
The chest X-ray shows clear lung fields with a linear atelectasis pattern and prominent pulmonary vasculature. The left perihilar opacity and pleural thickening are noted, but no acute processes such as effusion or pneumothorax are identified. The heart size is normal. Further clinical correlation may be necessary to evaluate the significance of the left perihilar opacity and pleural thickening."
670,"You are a board-certified radiologist.

You are given a structured context for a chest X-ray:
You are a radiology report generator. Produce a factual, structured chest X-ray report using the following multimodal evidence:

### 1. Image-derived alignment concepts:
linear atelectasis pattern, pleural thickening, airspace opacity, clear lung fields, left perihilar opacity, ground glass opacity, focal opacity, healed rib deformity

### 2. GNN disease priors (top predictions):
None

### 3. Knowledge-graph reasoning evidence:
None

### 4. Anatomical context extracted from KG:
None

### TASK:
Generate a complete, clinically accurate radiology report with the following sections:
- Findings
- Impression

Use the evidence above to avoid hallucinations and ensure factual consistency.

TASK:
- Generate a complete, clinically coherent radiology REPORT.
- Include two sections with headings: ""Findings:"" and ""Impression:"".
- Be factual and conservative; rely ONLY on the evidence given above.
- Explicitly mention: heart size, lungs, pleura (effusion/pneumothorax), and bones/other findings.
- Avoid hallucinating new diseases not supported by the evidence.

Return ONLY the report text.",The heart is top normal in size. The mediastinum is Stable. The aorta is atherosclerotic. There are mild chronic changes without focal consolidation. No pleural effusion is seen. Mild cardiomegaly and atherosclerosis. No acute infiltrate.,"**Findings:**  
The chest X-ray demonstrates clear lung fields bilaterally with no evidence of effusion or pneumothorax. There is a linear atelectasis pattern noted, along with a left perihilar opacity that may represent focal airspace opacity. Additionally, ground glass opacity is observed in the left lung region. Pleural thickening is present, which may suggest a previous inflammatory process. There is also a healed rib deformity noted in the bony structures. The heart size appears within normal limits.

**Impression:**  
The findings suggest the presence of linear atelectasis and focal airspace opacity in the left perihilar region, with associated ground glass opacity and pleural thickening. No acute cardiopulmonary pathology is identified, and the heart size is normal. The healed rib deformity is noted but does not indicate acute injury. Further clinical correlation may be warranted to evaluate the significance of the left perihilar opacity and pleural thickening."
2495,"You are a board-certified radiologist.

You are given a structured context for a chest X-ray:
You are a radiology report generator. Produce a factual, structured chest X-ray report using the following multimodal evidence:

### 1. Image-derived alignment concepts:
airspace opacity, focal opacity, pleural thickening, linear atelectasis pattern, prominent pulmonary vasculature, clear lung fields, left perihilar opacity, ground glass opacity

### 2. GNN disease priors (top predictions):
None

### 3. Knowledge-graph reasoning evidence:
None

### 4. Anatomical context extracted from KG:
None

### TASK:
Generate a complete, clinically accurate radiology report with the following sections:
- Findings
- Impression

Use the evidence above to avoid hallucinations and ensure factual consistency.

TASK:
- Generate a complete, clinically coherent radiology REPORT.
- Include two sections with headings: ""Findings:"" and ""Impression:"".
- Be factual and conservative; rely ONLY on the evidence given above.
- Explicitly mention: heart size, lungs, pleura (effusion/pneumothorax), and bones/other findings.
- Avoid hallucinating new diseases not supported by the evidence.

Return ONLY the report text.",Heart size is normal. Scattered right hilar granulomas and calcified 8mm right apical granuloma. Resolution of right effusion and infiltrate. Stable chronic blunting of the lateral left costophrenic XXXX.,"**Findings:**  
The chest X-ray demonstrates clear lung fields with no evidence of significant airspace opacity or focal opacity. There is a left perihilar opacity noted, which may suggest a localized process. The pulmonary vasculature appears prominent, but there are no signs of pleural effusion or pneumothorax. The pleura shows no thickening. Additionally, there is no evidence of linear atelectasis pattern or ground glass opacity. The heart size is within normal limits. The bony structures are unremarkable with no acute osseous abnormalities identified.

**Impression:**  
The chest X-ray shows a left perihilar opacity with prominent pulmonary vasculature, but no significant abnormalities in the lungs, pleura, or heart size. There are no signs of effusion or pneumothorax. Further clinical correlation may be warranted to evaluate the left perihilar opacity."
1891,"You are a board-certified radiologist.

You are given a structured context for a chest X-ray:
You are a radiology report generator. Produce a factual, structured chest X-ray report using the following multimodal evidence:

### 1. Image-derived alignment concepts:
prominent pulmonary vasculature, airspace opacity, left perihilar opacity, clear lung fields, focal opacity, peribronchial thickening, right lower zone opacity, ground glass opacity

### 2. GNN disease priors (top predictions):
None

### 3. Knowledge-graph reasoning evidence:
None

### 4. Anatomical context extracted from KG:
None

### TASK:
Generate a complete, clinically accurate radiology report with the following sections:
- Findings
- Impression

Use the evidence above to avoid hallucinations and ensure factual consistency.

TASK:
- Generate a complete, clinically coherent radiology REPORT.
- Include two sections with headings: ""Findings:"" and ""Impression:"".
- Be factual and conservative; rely ONLY on the evidence given above.
- Explicitly mention: heart size, lungs, pleura (effusion/pneumothorax), and bones/other findings.
- Avoid hallucinating new diseases not supported by the evidence.

Return ONLY the report text.",The heart and lungs have XXXX XXXX in the interval. Both lungs are clear and expanded. Heart and mediastinum normal. No active disease.,"**Findings:**  
The chest X-ray demonstrates prominent pulmonary vasculature. There is evidence of airspace opacity noted in the left perihilar region, as well as a focal opacity in the right lower zone. Ground glass opacity is also present. Peribronchial thickening is observed, while the lung fields appear otherwise clear. The heart size is within normal limits. No pleural effusion or pneumothorax is identified. The bony structures appear unremarkable with no acute osseous abnormalities.

**Impression:**  
The findings suggest possible pulmonary pathology, including left perihilar opacity and right lower zone opacity, which may indicate infection or inflammation. The presence of ground glass opacity and peribronchial thickening may further support this. Continued clinical correlation is recommended to determine the underlying cause of these findings. No acute cardiopulmonary abnormalities are noted."
3530,"You are a board-certified radiologist.

You are given a structured context for a chest X-ray:
You are a radiology report generator. Produce a factual, structured chest X-ray report using the following multimodal evidence:

### 1. Image-derived alignment concepts:
airspace opacity, prominent pulmonary vasculature, enlarged cardiac silhouette, left perihilar opacity, focal opacity, pleural thickening, peribronchial thickening, diffuse increased density

### 2. GNN disease priors (top predictions):
None

### 3. Knowledge-graph reasoning evidence:
None

### 4. Anatomical context extracted from KG:
None

### TASK:
Generate a complete, clinically accurate radiology report with the following sections:
- Findings
- Impression

Use the evidence above to avoid hallucinations and ensure factual consistency.

TASK:
- Generate a complete, clinically coherent radiology REPORT.
- Include two sections with headings: ""Findings:"" and ""Impression:"".
- Be factual and conservative; rely ONLY on the evidence given above.
- Explicitly mention: heart size, lungs, pleura (effusion/pneumothorax), and bones/other findings.
- Avoid hallucinating new diseases not supported by the evidence.

Return ONLY the report text.",Stable minimal cardiomegaly. Lungs are clear. No pneumonia. Minimal degenerative spurring thoracic spine,"**Findings:**  
The chest X-ray demonstrates an enlarged cardiac silhouette, suggesting cardiomegaly. There is notable airspace opacity in the left perihilar region, which may indicate an underlying process such as infection or consolidation. The pulmonary vasculature appears prominent, which could be indicative of increased blood flow or congestion. Additionally, there is focal opacity observed, although its specific etiology cannot be determined from the current evidence. Pleural thickening is noted, but there is no evidence of pleural effusion or pneumothorax. The lungs exhibit peribronchial thickening and diffuse increased density, which may suggest bronchial inflammation or other interstitial processes. No significant bony abnormalities are identified.

**Impression:**  
The findings are suggestive of cardiomegaly with associated pulmonary vascular prominence. The left perihilar airspace opacity and diffuse increased density may indicate an infectious or inflammatory process. Pleural thickening is present without evidence of effusion or pneumothorax. Further clinical correlation and possibly additional imaging may be warranted to elucidate the underlying cause of the observed opacities and to assess the clinical significance of the cardiac silhouette enlargement."
3471,"You are a board-certified radiologist.

You are given a structured context for a chest X-ray:
You are a radiology report generator. Produce a factual, structured chest X-ray report using the following multimodal evidence:

### 1. Image-derived alignment concepts:
pleural thickening, airspace opacity, linear atelectasis pattern, clear lung fields, focal opacity, left perihilar opacity, prominent pulmonary vasculature, ground glass opacity

### 2. GNN disease priors (top predictions):
None

### 3. Knowledge-graph reasoning evidence:
None

### 4. Anatomical context extracted from KG:
None

### TASK:
Generate a complete, clinically accurate radiology report with the following sections:
- Findings
- Impression

Use the evidence above to avoid hallucinations and ensure factual consistency.

TASK:
- Generate a complete, clinically coherent radiology REPORT.
- Include two sections with headings: ""Findings:"" and ""Impression:"".
- Be factual and conservative; rely ONLY on the evidence given above.
- Explicitly mention: heart size, lungs, pleura (effusion/pneumothorax), and bones/other findings.
- Avoid hallucinating new diseases not supported by the evidence.

Return ONLY the report text.","Heart size, mediastinal contour, and pulmonary vascularity are within normal limits. No focal consolidation, suspicious pulmonary opacity, large pleural effusion, or pneumothorax is identified. There is a rounded lucency seen above the diaphragm on lateral view, suggestive of small hiatal hernia. Visualized osseous structures appear intact. Degenerative changes of the thoracic spine seen. No acute cardiopulmonary abnormality. Small hiatal hernia noted.","**Findings:**  
The heart size is within normal limits. The lungs demonstrate clear lung fields bilaterally, with no evidence of significant effusion or pneumothorax. However, there is noted pleural thickening on the left side. A focal opacity is observed in the left perihilar region, accompanied by prominent pulmonary vasculature. Additionally, there is a linear atelectasis pattern present, as well as areas of ground glass opacity. No acute bony abnormalities are identified.

**Impression:**  
The chest X-ray shows pleural thickening on the left, with associated left perihilar opacity and prominent pulmonary vasculature. The presence of linear atelectasis and ground glass opacity may suggest underlying pathology, but no acute disease is identified. Overall, the heart size is normal, and the lungs are largely clear of significant abnormalities. Further clinical correlation may be warranted based on these findings."
1023,"You are a board-certified radiologist.

You are given a structured context for a chest X-ray:
You are a radiology report generator. Produce a factual, structured chest X-ray report using the following multimodal evidence:

### 1. Image-derived alignment concepts:
airspace opacity, linear atelectasis pattern, pleural thickening, clear lung fields, focal opacity, ground glass opacity, prominent pulmonary vasculature, left perihilar opacity

### 2. GNN disease priors (top predictions):
None

### 3. Knowledge-graph reasoning evidence:
None

### 4. Anatomical context extracted from KG:
None

### TASK:
Generate a complete, clinically accurate radiology report with the following sections:
- Findings
- Impression

Use the evidence above to avoid hallucinations and ensure factual consistency.

TASK:
- Generate a complete, clinically coherent radiology REPORT.
- Include two sections with headings: ""Findings:"" and ""Impression:"".
- Be factual and conservative; rely ONLY on the evidence given above.
- Explicitly mention: heart size, lungs, pleura (effusion/pneumothorax), and bones/other findings.
- Avoid hallucinating new diseases not supported by the evidence.

Return ONLY the report text.",The cardiac silhouette and mediastinum size are within normal limits. There is no pulmonary edema. There is no focal consolidation. There are no XXXX of a large pleural effusion. There is no evidence of pneumothorax. There is no evidence of acute cardiopulmonary disease. .,"**Findings:**  
The chest X-ray demonstrates clear lung fields with no evidence of significant airspace opacity. There is a linear atelectasis pattern noted, which may suggest some degree of volume loss in the affected lung segments. Additionally, there is pleural thickening observed, particularly in the left perihilar region, where a focal opacity is also present. The pulmonary vasculature appears prominent, but there are no signs of effusion or pneumothorax. The heart size is within normal limits, and there are no significant abnormalities noted in the bones or other structures.

**Impression:**  
The findings are suggestive of linear atelectasis and pleural thickening, with a focal opacity in the left perihilar region. The prominent pulmonary vasculature may warrant further clinical correlation. Overall, there are no acute processes identified, and the heart size is normal. Further evaluation may be considered based on clinical context."
2779,"You are a board-certified radiologist.

You are given a structured context for a chest X-ray:
You are a radiology report generator. Produce a factual, structured chest X-ray report using the following multimodal evidence:

### 1. Image-derived alignment concepts:
prominent pulmonary vasculature, airspace opacity, focal opacity, left perihilar opacity, clear lung fields, linear atelectasis pattern, pleural thickening, ground glass opacity

### 2. GNN disease priors (top predictions):
None

### 3. Knowledge-graph reasoning evidence:
None

### 4. Anatomical context extracted from KG:
None

### TASK:
Generate a complete, clinically accurate radiology report with the following sections:
- Findings
- Impression

Use the evidence above to avoid hallucinations and ensure factual consistency.

TASK:
- Generate a complete, clinically coherent radiology REPORT.
- Include two sections with headings: ""Findings:"" and ""Impression:"".
- Be factual and conservative; rely ONLY on the evidence given above.
- Explicitly mention: heart size, lungs, pleura (effusion/pneumothorax), and bones/other findings.
- Avoid hallucinating new diseases not supported by the evidence.

Return ONLY the report text.",XXXX change. No active cardiopulmonary disease. Thoracolumbar scoliosis.,"**Findings:**  
The heart size is within normal limits. The lungs demonstrate prominent pulmonary vasculature with clear lung fields overall. There is evidence of airspace opacity, specifically a focal opacity noted in the left perihilar region. Additionally, a linear atelectasis pattern is observed. Pleural thickening is present, but there are no signs of effusion or pneumothorax. Ground glass opacity is also noted in the lung fields. The bony structures appear unremarkable with no acute osseous abnormalities identified.

**Impression:**  
The chest X-ray findings suggest a focal opacity in the left perihilar region, possibly indicating an infectious or inflammatory process. The presence of prominent pulmonary vasculature and linear atelectasis may suggest underlying pulmonary pathology. Pleural thickening is noted without evidence of effusion or pneumothorax. Further clinical correlation and possibly additional imaging may be warranted to evaluate the significance of these findings."
2216,"You are a board-certified radiologist.

You are given a structured context for a chest X-ray:
You are a radiology report generator. Produce a factual, structured chest X-ray report using the following multimodal evidence:

### 1. Image-derived alignment concepts:
airspace opacity, prominent pulmonary vasculature, left perihilar opacity, linear atelectasis pattern, ground glass opacity, pleural thickening, focal opacity, clear lung fields

### 2. GNN disease priors (top predictions):
None

### 3. Knowledge-graph reasoning evidence:
None

### 4. Anatomical context extracted from KG:
None

### TASK:
Generate a complete, clinically accurate radiology report with the following sections:
- Findings
- Impression

Use the evidence above to avoid hallucinations and ensure factual consistency.

TASK:
- Generate a complete, clinically coherent radiology REPORT.
- Include two sections with headings: ""Findings:"" and ""Impression:"".
- Be factual and conservative; rely ONLY on the evidence given above.
- Explicitly mention: heart size, lungs, pleura (effusion/pneumothorax), and bones/other findings.
- Avoid hallucinating new diseases not supported by the evidence.

Return ONLY the report text.",Heart size and mediastinal contours are within normal limits. Pulmonary vasculature is unremarkable. No focal airspace consolidation. There is mild elevation right hemidiaphragm. No visible pleural effusion or pneumothorax. There are mild degenerative changes along the thoracic spine. 1. Mildly elevated right hemidiaphragm. Otherwise no acute cardiopulmonary abnormality seen.,"**Findings:**  
The chest X-ray demonstrates clear lung fields with no evidence of significant pleural effusion or pneumothorax. There is a prominent pulmonary vasculature noted. A left perihilar opacity is observed, which may suggest localized pathology. Additionally, there is a linear atelectasis pattern present. Ground glass opacity is also noted, indicating potential underlying lung pathology. Pleural thickening is observed, but no significant pleural effusion is present. The heart size appears within normal limits. No acute bony abnormalities are identified.

**Impression:**  
The findings suggest the presence of a left perihilar opacity with associated linear atelectasis and ground glass opacity, which may warrant further clinical correlation. The prominent pulmonary vasculature and pleural thickening could indicate underlying pulmonary processes. Overall, the heart size is normal, and there are no significant pleural effusions or pneumothorax. Further evaluation may be necessary based on clinical context."
1709,"You are a board-certified radiologist.

You are given a structured context for a chest X-ray:
You are a radiology report generator. Produce a factual, structured chest X-ray report using the following multimodal evidence:

### 1. Image-derived alignment concepts:
prominent pulmonary vasculature, airspace opacity, clear lung fields, peribronchial thickening, left perihilar opacity, focal opacity, pleural thickening, ground glass opacity

### 2. GNN disease priors (top predictions):
None

### 3. Knowledge-graph reasoning evidence:
None

### 4. Anatomical context extracted from KG:
None

### TASK:
Generate a complete, clinically accurate radiology report with the following sections:
- Findings
- Impression

Use the evidence above to avoid hallucinations and ensure factual consistency.

TASK:
- Generate a complete, clinically coherent radiology REPORT.
- Include two sections with headings: ""Findings:"" and ""Impression:"".
- Be factual and conservative; rely ONLY on the evidence given above.
- Explicitly mention: heart size, lungs, pleura (effusion/pneumothorax), and bones/other findings.
- Avoid hallucinating new diseases not supported by the evidence.

Return ONLY the report text.",The cardiomediastinal silhouette and pulmonary vasculature are within normal limits in size. There is minimal XXXX opacity in the lung bases. The lungs are otherwise grossly clear. There are no acute bony findings. No acute cardiopulmonary findings. .,"**Findings:**  
The heart size is within normal limits. The lungs demonstrate prominent pulmonary vasculature with clear lung fields overall. However, there is evidence of airspace opacity noted in the left perihilar region, accompanied by focal opacity and peribronchial thickening. Additionally, there is pleural thickening observed. No ground glass opacity is present. The pleura shows no signs of effusion or pneumothorax. The bony structures appear unremarkable with no acute osseous abnormalities identified.

**Impression:**  
The chest X-ray findings suggest the presence of left perihilar opacity with associated peribronchial thickening, which may indicate an inflammatory process or infection. The prominent pulmonary vasculature may suggest increased blood flow or congestion. No significant pleural effusion or pneumothorax is noted. Further clinical correlation and possible follow-up imaging may be warranted based on the clinical context."
3020,"You are a board-certified radiologist.

You are given a structured context for a chest X-ray:
You are a radiology report generator. Produce a factual, structured chest X-ray report using the following multimodal evidence:

### 1. Image-derived alignment concepts:
linear atelectasis pattern, clear lung fields, airspace opacity, focal opacity, prominent pulmonary vasculature, ground glass opacity, left perihilar opacity, pleural thickening

### 2. GNN disease priors (top predictions):
None

### 3. Knowledge-graph reasoning evidence:
None

### 4. Anatomical context extracted from KG:
None

### TASK:
Generate a complete, clinically accurate radiology report with the following sections:
- Findings
- Impression

Use the evidence above to avoid hallucinations and ensure factual consistency.

TASK:
- Generate a complete, clinically coherent radiology REPORT.
- Include two sections with headings: ""Findings:"" and ""Impression:"".
- Be factual and conservative; rely ONLY on the evidence given above.
- Explicitly mention: heart size, lungs, pleura (effusion/pneumothorax), and bones/other findings.
- Avoid hallucinating new diseases not supported by the evidence.

Return ONLY the report text.",Heart size and mediastinal contours are normal in appearance. No consolidative airspace opacities. No radiographic evidence of pleural effusion or pneumothorax. Visualized osseous structures appear intact. No acute cardiopulmonary abnormality.,"**Findings:**  
The heart size is within normal limits. The lungs demonstrate clear lung fields with no significant airspace opacities noted, although there is a focal opacity observed in the left perihilar region. Prominent pulmonary vasculature is present. There is evidence of linear atelectasis pattern, and ground glass opacity is noted in the left lung. Additionally, pleural thickening is observed, but there is no evidence of pleural effusion or pneumothorax. The bony structures appear unremarkable with no acute osseous abnormalities.

**Impression:**  
The chest X-ray shows clear lung fields with a focal opacity in the left perihilar region, linear atelectasis, and ground glass opacity. Prominent pulmonary vasculature and pleural thickening are also noted. No significant abnormalities such as pleural effusion or pneumothorax are present. Overall, the findings may suggest localized processes in the left lung, warranting further clinical correlation and possible follow-up imaging."
2339,"You are a board-certified radiologist.

You are given a structured context for a chest X-ray:
You are a radiology report generator. Produce a factual, structured chest X-ray report using the following multimodal evidence:

### 1. Image-derived alignment concepts:
elevated hemidiaphragm, linear atelectasis pattern, clear lung fields, right lower zone opacity, retrocardiac opacity, enlarged cardiac silhouette, ground glass opacity, airspace opacity

### 2. GNN disease priors (top predictions):
None

### 3. Knowledge-graph reasoning evidence:
None

### 4. Anatomical context extracted from KG:
None

### TASK:
Generate a complete, clinically accurate radiology report with the following sections:
- Findings
- Impression

Use the evidence above to avoid hallucinations and ensure factual consistency.

TASK:
- Generate a complete, clinically coherent radiology REPORT.
- Include two sections with headings: ""Findings:"" and ""Impression:"".
- Be factual and conservative; rely ONLY on the evidence given above.
- Explicitly mention: heart size, lungs, pleura (effusion/pneumothorax), and bones/other findings.
- Avoid hallucinating new diseases not supported by the evidence.

Return ONLY the report text.",The heart size and pulmonary vascularity appear within normal limits. The lungs are free of focal airspace disease. No pleural effusion or pneumothorax is seen. Multiple XXXX-filled loops of bowel are present. Gastrostomy is noted. 1. Clear lungs.,"**Findings:**  
The chest X-ray demonstrates an enlarged cardiac silhouette. The lungs appear clear overall, with the exception of a right lower zone opacity and a retrocardiac opacity. There is evidence of an elevated hemidiaphragm and a linear atelectasis pattern noted. Additionally, ground glass opacity and airspace opacity are present, although their extent and significance require further clinical correlation. No pleural effusion or pneumothorax is observed. The bony structures appear unremarkable.

**Impression:**  
The findings suggest an enlarged cardiac silhouette with associated right lower zone opacity and retrocardiac opacity. The elevated hemidiaphragm and linear atelectasis pattern may indicate underlying pulmonary pathology. Ground glass and airspace opacities warrant further evaluation. Overall, the lungs are predominantly clear, and there is no evidence of pleural effusion or pneumothorax. Clinical correlation is recommended to determine the significance of the observed opacities."
3344,"You are a board-certified radiologist.

You are given a structured context for a chest X-ray:
You are a radiology report generator. Produce a factual, structured chest X-ray report using the following multimodal evidence:

### 1. Image-derived alignment concepts:
airspace opacity, prominent pulmonary vasculature, focal opacity, left perihilar opacity, clear lung fields, peribronchial thickening, pleural thickening, ground glass opacity

### 2. GNN disease priors (top predictions):
None

### 3. Knowledge-graph reasoning evidence:
None

### 4. Anatomical context extracted from KG:
None

### TASK:
Generate a complete, clinically accurate radiology report with the following sections:
- Findings
- Impression

Use the evidence above to avoid hallucinations and ensure factual consistency.

TASK:
- Generate a complete, clinically coherent radiology REPORT.
- Include two sections with headings: ""Findings:"" and ""Impression:"".
- Be factual and conservative; rely ONLY on the evidence given above.
- Explicitly mention: heart size, lungs, pleura (effusion/pneumothorax), and bones/other findings.
- Avoid hallucinating new diseases not supported by the evidence.

Return ONLY the report text.",Ill-defined opacity projecting over midthoracic spine on lateral view corresponding with residual mass/nodularity seen XXXX scan from XXXX. Well-expanded lungs with no acute airspace disease. Mediastinal contour within normal limits. No acute cardiopulmonary abnormality identified.,"**Findings:**  
The chest X-ray demonstrates clear lung fields with no evidence of significant airspace opacity. There is a prominent pulmonary vasculature noted, which may suggest increased blood flow or volume. A focal opacity is observed in the left perihilar region, which requires further evaluation. Additionally, there is peribronchial thickening present, indicating possible bronchial inflammation. Pleural thickening is also noted, but there is no evidence of pleural effusion or pneumothorax. The heart size appears within normal limits, and there are no significant abnormalities identified in the bones or other structures.

**Impression:**  
The chest X-ray shows clear lung fields with a prominent pulmonary vasculature and a focal opacity in the left perihilar region. Peribronchial thickening and pleural thickening are present, but there are no signs of effusion or pneumothorax. The heart size is normal. Further clinical correlation and possible follow-up imaging may be warranted to evaluate the focal opacity and peribronchial changes."
3939,"You are a board-certified radiologist.

You are given a structured context for a chest X-ray:
You are a radiology report generator. Produce a factual, structured chest X-ray report using the following multimodal evidence:

### 1. Image-derived alignment concepts:
airspace opacity, prominent pulmonary vasculature, clear lung fields, left perihilar opacity, focal opacity, pleural thickening, linear atelectasis pattern, peribronchial thickening

### 2. GNN disease priors (top predictions):
None

### 3. Knowledge-graph reasoning evidence:
None

### 4. Anatomical context extracted from KG:
None

### TASK:
Generate a complete, clinically accurate radiology report with the following sections:
- Findings
- Impression

Use the evidence above to avoid hallucinations and ensure factual consistency.

TASK:
- Generate a complete, clinically coherent radiology REPORT.
- Include two sections with headings: ""Findings:"" and ""Impression:"".
- Be factual and conservative; rely ONLY on the evidence given above.
- Explicitly mention: heart size, lungs, pleura (effusion/pneumothorax), and bones/other findings.
- Avoid hallucinating new diseases not supported by the evidence.

Return ONLY the report text.","The cardiomediastinal silhouette is within normal limits for size and contour. The lungs are normally inflated without evidence of focal airspace disease, pleural effusion, or pneumothorax. Osseous structures are within normal limits for patient age.. 1. No acute radiographic cardiopulmonary process.","**Findings:**  
The heart size is within normal limits. The lungs demonstrate clear lung fields overall; however, there is a left perihilar opacity noted, which may represent an area of focal opacity. Prominent pulmonary vasculature is observed, and there is evidence of linear atelectasis pattern in the lung fields. Additionally, peribronchial thickening is present. The pleura appears thickened, but there is no evidence of pleural effusion or pneumothorax. No significant bony abnormalities are identified.

**Impression:**  
The chest X-ray shows clear lung fields with a left perihilar opacity and prominent pulmonary vasculature. The presence of linear atelectasis and peribronchial thickening may suggest underlying bronchial inflammation or atelectasis. Pleural thickening is noted without signs of effusion or pneumothorax. Overall, the findings are nonspecific and may warrant further clinical correlation and possible follow-up imaging."
2195,"You are a board-certified radiologist.

You are given a structured context for a chest X-ray:
You are a radiology report generator. Produce a factual, structured chest X-ray report using the following multimodal evidence:

### 1. Image-derived alignment concepts:
prominent pulmonary vasculature, airspace opacity, linear atelectasis pattern, left perihilar opacity, pleural thickening, clear lung fields, focal opacity, ground glass opacity

### 2. GNN disease priors (top predictions):
None

### 3. Knowledge-graph reasoning evidence:
None

### 4. Anatomical context extracted from KG:
None

### TASK:
Generate a complete, clinically accurate radiology report with the following sections:
- Findings
- Impression

Use the evidence above to avoid hallucinations and ensure factual consistency.

TASK:
- Generate a complete, clinically coherent radiology REPORT.
- Include two sections with headings: ""Findings:"" and ""Impression:"".
- Be factual and conservative; rely ONLY on the evidence given above.
- Explicitly mention: heart size, lungs, pleura (effusion/pneumothorax), and bones/other findings.
- Avoid hallucinating new diseases not supported by the evidence.

Return ONLY the report text.","The cardiomediastinal silhouette and pulmonary vasculature are within normal limits in size. The lungs are mildly hyperinflated, without evidence of focal airspace disease, pneumothorax, or pleural effusion. Incidental note is XXXX of an azygos fissure. There are no acute bony findings. Mildly hyperinflated, clear lungs.","**Findings:**  
The chest X-ray demonstrates prominent pulmonary vasculature. There is evidence of airspace opacity noted, with a linear atelectasis pattern observed. A left perihilar opacity is present, accompanied by pleural thickening. The lung fields are otherwise clear, with no significant focal opacity or ground glass opacity identified. The heart size appears within normal limits. No pleural effusion or pneumothorax is observed. The bony structures are unremarkable with no acute osseous abnormalities noted.

**Impression:**  
The findings suggest possible atelectasis in the left perihilar region with associated pleural thickening. The prominent pulmonary vasculature may indicate increased blood flow or congestion. Overall, there are no acute processes identified, and the heart size and lung fields are within normal limits. Further clinical correlation may be warranted based on the patient's symptoms and history."
1803,"You are a board-certified radiologist.

You are given a structured context for a chest X-ray:
You are a radiology report generator. Produce a factual, structured chest X-ray report using the following multimodal evidence:

### 1. Image-derived alignment concepts:
prominent pulmonary vasculature, left perihilar opacity, airspace opacity, focal opacity, peribronchial thickening, clear lung fields, linear atelectasis pattern, pleural thickening

### 2. GNN disease priors (top predictions):
None

### 3. Knowledge-graph reasoning evidence:
None

### 4. Anatomical context extracted from KG:
None

### TASK:
Generate a complete, clinically accurate radiology report with the following sections:
- Findings
- Impression

Use the evidence above to avoid hallucinations and ensure factual consistency.

TASK:
- Generate a complete, clinically coherent radiology REPORT.
- Include two sections with headings: ""Findings:"" and ""Impression:"".
- Be factual and conservative; rely ONLY on the evidence given above.
- Explicitly mention: heart size, lungs, pleura (effusion/pneumothorax), and bones/other findings.
- Avoid hallucinating new diseases not supported by the evidence.

Return ONLY the report text.",Heart size is normal. Lungs are clear. No evidence of tuberculosis. Mildly prominent ascending aorta with calcification of aortic XXXX question hypertension.,"**Findings:**  
The heart size is within normal limits. The lungs demonstrate prominent pulmonary vasculature with clear lung fields overall. There is a left perihilar opacity noted, which may represent an airspace opacity or focal opacity. Additionally, there is evidence of peribronchial thickening and a linear atelectasis pattern. No pleural effusion or pneumothorax is observed, although there is pleural thickening present. The bony structures appear unremarkable with no acute osseous abnormalities identified.

**Impression:**  
The findings suggest a left perihilar opacity with associated peribronchial thickening and linear atelectasis, likely indicating an inflammatory or infectious process. The prominent pulmonary vasculature may suggest increased blood flow or congestion. No significant pleural effusion or pneumothorax is present. Further clinical correlation and possible follow-up imaging may be warranted to evaluate the left perihilar opacity."
3844,"You are a board-certified radiologist.

You are given a structured context for a chest X-ray:
You are a radiology report generator. Produce a factual, structured chest X-ray report using the following multimodal evidence:

### 1. Image-derived alignment concepts:
enlarged cardiac silhouette, airspace opacity, focal opacity, prominent pulmonary vasculature, left perihilar opacity, clear lung fields, linear atelectasis pattern, pleural thickening

### 2. GNN disease priors (top predictions):
None

### 3. Knowledge-graph reasoning evidence:
None

### 4. Anatomical context extracted from KG:
None

### TASK:
Generate a complete, clinically accurate radiology report with the following sections:
- Findings
- Impression

Use the evidence above to avoid hallucinations and ensure factual consistency.

TASK:
- Generate a complete, clinically coherent radiology REPORT.
- Include two sections with headings: ""Findings:"" and ""Impression:"".
- Be factual and conservative; rely ONLY on the evidence given above.
- Explicitly mention: heart size, lungs, pleura (effusion/pneumothorax), and bones/other findings.
- Avoid hallucinating new diseases not supported by the evidence.

Return ONLY the report text.",Lungs are clear. No pleural effusions or pneumothoraces. heart size is upper limits of normal. Heart size upper limits of normal with clear lungs.,"**Findings:**  
The chest X-ray demonstrates an enlarged cardiac silhouette. There is evidence of airspace opacity and a focal opacity noted in the left perihilar region. Prominent pulmonary vasculature is observed, suggesting increased blood flow. The lung fields appear clear overall, with a linear atelectasis pattern present. Additionally, there is pleural thickening noted, but no significant pleural effusion or pneumothorax is identified. The bony structures are unremarkable with no acute osseous abnormalities.

**Impression:**  
The findings are suggestive of cardiomegaly with associated pulmonary vascular congestion. The left perihilar opacity may represent an area of localized consolidation or atelectasis. The presence of pleural thickening warrants further clinical correlation, but there is no evidence of effusion or pneumothorax. Overall, the findings should be interpreted in the context of the patient's clinical presentation."
2201,"You are a board-certified radiologist.

You are given a structured context for a chest X-ray:
You are a radiology report generator. Produce a factual, structured chest X-ray report using the following multimodal evidence:

### 1. Image-derived alignment concepts:
airspace opacity, pleural thickening, healed rib deformity, elevated hemidiaphragm, linear atelectasis pattern, aortic calcification, enlarged cardiac silhouette, prominent pulmonary vasculature

### 2. GNN disease priors (top predictions):
None

### 3. Knowledge-graph reasoning evidence:
None

### 4. Anatomical context extracted from KG:
None

### TASK:
Generate a complete, clinically accurate radiology report with the following sections:
- Findings
- Impression

Use the evidence above to avoid hallucinations and ensure factual consistency.

TASK:
- Generate a complete, clinically coherent radiology REPORT.
- Include two sections with headings: ""Findings:"" and ""Impression:"".
- Be factual and conservative; rely ONLY on the evidence given above.
- Explicitly mention: heart size, lungs, pleura (effusion/pneumothorax), and bones/other findings.
- Avoid hallucinating new diseases not supported by the evidence.

Return ONLY the report text.","Bilateral calcified granulomas stable compared to prior examination, without focal consolidation, pneumothorax, or pleural effusion identified. Cardiomediastinal silhouette stable and unremarkable. No acute osseous abnormality identified. No acute cardiopulmonary abnormality..","**Findings:**  
The chest X-ray demonstrates the following findings:  
- **Heart Size:** The cardiac silhouette appears enlarged.  
- **Lungs:** There is evidence of airspace opacity and a linear atelectasis pattern noted in the lung fields. Prominent pulmonary vasculature is also observed.  
- **Pleura:** No pleural effusion or pneumothorax is identified; however, there is pleural thickening present.  
- **Bones/Other Findings:** A healed rib deformity is noted, and there is an elevated hemidiaphragm. Additionally, aortic calcification is present.

**Impression:**  
The chest X-ray shows an enlarged cardiac silhouette, airspace opacity, and linear atelectasis pattern in the lungs, along with prominent pulmonary vasculature. Pleural thickening is noted without evidence of effusion or pneumothorax. A healed rib deformity and elevated hemidiaphragm are also present. These findings may suggest chronic changes, but no acute pathology is identified. Further clinical correlation may be warranted."
3390,"You are a board-certified radiologist.

You are given a structured context for a chest X-ray:
You are a radiology report generator. Produce a factual, structured chest X-ray report using the following multimodal evidence:

### 1. Image-derived alignment concepts:
airspace opacity, right lower zone opacity, linear atelectasis pattern, focal opacity, ground glass opacity, clear lung fields, pleural thickening, prominent pulmonary vasculature

### 2. GNN disease priors (top predictions):
None

### 3. Knowledge-graph reasoning evidence:
None

### 4. Anatomical context extracted from KG:
None

### TASK:
Generate a complete, clinically accurate radiology report with the following sections:
- Findings
- Impression

Use the evidence above to avoid hallucinations and ensure factual consistency.

TASK:
- Generate a complete, clinically coherent radiology REPORT.
- Include two sections with headings: ""Findings:"" and ""Impression:"".
- Be factual and conservative; rely ONLY on the evidence given above.
- Explicitly mention: heart size, lungs, pleura (effusion/pneumothorax), and bones/other findings.
- Avoid hallucinating new diseases not supported by the evidence.

Return ONLY the report text.",The lungs are clear. There is no focal airspace consolidation. No pleural effusion or pneumothorax. Normal cardiomediastinal silhouette. No evidence of active disease.,"**Findings:**  
The chest X-ray demonstrates clear lung fields with the exception of a focal opacity noted in the right lower zone, which may represent airspace opacity. There is also evidence of a linear atelectasis pattern in the same region. Ground glass opacity is not observed. The pulmonary vasculature appears prominent, but there are no signs of pleural effusion or pneumothorax. The heart size is within normal limits. No significant bony abnormalities are identified.

**Impression:**  
The findings suggest a focal opacity in the right lower zone, likely representing airspace opacity with associated linear atelectasis. The prominent pulmonary vasculature is noted, but there are no indications of pleural effusion or pneumothorax. Overall, the heart size is normal, and no bony abnormalities are present. Further clinical correlation may be warranted based on the patient's symptoms and history."
1233,"You are a board-certified radiologist.

You are given a structured context for a chest X-ray:
You are a radiology report generator. Produce a factual, structured chest X-ray report using the following multimodal evidence:

### 1. Image-derived alignment concepts:
airspace opacity, prominent pulmonary vasculature, linear atelectasis pattern, left perihilar opacity, focal opacity, clear lung fields, right lower zone opacity, ground glass opacity

### 2. GNN disease priors (top predictions):
None

### 3. Knowledge-graph reasoning evidence:
None

### 4. Anatomical context extracted from KG:
None

### TASK:
Generate a complete, clinically accurate radiology report with the following sections:
- Findings
- Impression

Use the evidence above to avoid hallucinations and ensure factual consistency.

TASK:
- Generate a complete, clinically coherent radiology REPORT.
- Include two sections with headings: ""Findings:"" and ""Impression:"".
- Be factual and conservative; rely ONLY on the evidence given above.
- Explicitly mention: heart size, lungs, pleura (effusion/pneumothorax), and bones/other findings.
- Avoid hallucinating new diseases not supported by the evidence.

Return ONLY the report text.","Enlarged cardiomediastinal silhouette. Low lung volumes. Relative elevation of right hemidiaphragm. XXXX left base density. No focal consolidation, pneumothorax or large pleural effusion. Negative for acute bone abnormality. Cardiomegaly without heart failure. Minimal XXXX left basilar scarring/atelectasis.","**Findings:**  
The heart size is within normal limits. The lungs demonstrate clear lung fields overall, with the exception of a right lower zone opacity and a left perihilar opacity. There is evidence of prominent pulmonary vasculature. Additionally, a linear atelectasis pattern is noted. Ground glass opacity is present, but no significant pleural effusion or pneumothorax is observed. The bony structures appear unremarkable with no acute osseous abnormalities identified.

**Impression:**  
The chest X-ray shows clear lung fields with localized opacities in the right lower zone and left perihilar region, along with prominent pulmonary vasculature and linear atelectasis. The presence of ground glass opacity may suggest an underlying process that warrants further clinical correlation. No signs of pleural effusion or pneumothorax are evident. Overall, the findings are suggestive of possible localized pathology, but no definitive diagnosis can be made based solely on this imaging. Further evaluation may be necessary."
887,"You are a board-certified radiologist.

You are given a structured context for a chest X-ray:
You are a radiology report generator. Produce a factual, structured chest X-ray report using the following multimodal evidence:

### 1. Image-derived alignment concepts:
airspace opacity, focal opacity, pleural thickening, prominent pulmonary vasculature, linear atelectasis pattern, ground glass opacity, clear lung fields, enlarged cardiac silhouette

### 2. GNN disease priors (top predictions):
None

### 3. Knowledge-graph reasoning evidence:
None

### 4. Anatomical context extracted from KG:
None

### TASK:
Generate a complete, clinically accurate radiology report with the following sections:
- Findings
- Impression

Use the evidence above to avoid hallucinations and ensure factual consistency.

TASK:
- Generate a complete, clinically coherent radiology REPORT.
- Include two sections with headings: ""Findings:"" and ""Impression:"".
- Be factual and conservative; rely ONLY on the evidence given above.
- Explicitly mention: heart size, lungs, pleura (effusion/pneumothorax), and bones/other findings.
- Avoid hallucinating new diseases not supported by the evidence.

Return ONLY the report text.","The cardiomediastinal silhouette and pulmonary vasculature are within normal limits in size. The lungs are clear of focal airspace disease, pneumothorax, or pleural effusion. There are no acute bony findings. No acute cardiopulmonary findings. .","**Findings:**  
The chest X-ray demonstrates clear lung fields with no evidence of airspace opacity or focal opacity. There is no pleural effusion or pneumothorax noted. The pulmonary vasculature appears prominent, and there is a linear atelectasis pattern observed. The cardiac silhouette is enlarged. No pleural thickening or ground glass opacity is identified. The bony structures appear unremarkable.

**Impression:**  
Enlarged cardiac silhouette with prominent pulmonary vasculature. Clear lung fields with no acute findings such as effusion or pneumothorax. Linear atelectasis pattern noted. Further clinical correlation may be warranted to evaluate the significance of the enlarged heart size."
1559,"You are a board-certified radiologist.

You are given a structured context for a chest X-ray:
You are a radiology report generator. Produce a factual, structured chest X-ray report using the following multimodal evidence:

### 1. Image-derived alignment concepts:
airspace opacity, pleural thickening, linear atelectasis pattern, left perihilar opacity, prominent pulmonary vasculature, focal opacity, retrocardiac opacity, healed rib deformity

### 2. GNN disease priors (top predictions):
None

### 3. Knowledge-graph reasoning evidence:
None

### 4. Anatomical context extracted from KG:
None

### TASK:
Generate a complete, clinically accurate radiology report with the following sections:
- Findings
- Impression

Use the evidence above to avoid hallucinations and ensure factual consistency.

TASK:
- Generate a complete, clinically coherent radiology REPORT.
- Include two sections with headings: ""Findings:"" and ""Impression:"".
- Be factual and conservative; rely ONLY on the evidence given above.
- Explicitly mention: heart size, lungs, pleura (effusion/pneumothorax), and bones/other findings.
- Avoid hallucinating new diseases not supported by the evidence.

Return ONLY the report text.","Stable cardiomediastinal silhouette. Right hilar surgical clips. Stable right-sided volume loss. Increasing density in the superior segment of the left lower lobe, XXXX seen on lateral view. No pneumothorax. Severe degenerative disease of the XXXX. Increasing density in the superior segment XXXX the left lower lobe, XXXX seen on lateral view, consistent worsening of known tumor.","**Findings:**  
The heart size is within normal limits. The lungs demonstrate areas of airspace opacity, particularly noted in the left perihilar region, along with a focal opacity and a retrocardiac opacity. There is evidence of prominent pulmonary vasculature. Additionally, a linear atelectasis pattern is observed. The pleura show thickening, but there is no evidence of effusion or pneumothorax. A healed rib deformity is noted in the bony structures.

**Impression:**  
The chest X-ray findings are suggestive of possible underlying pulmonary pathology, with notable airspace opacity and pleural thickening. The prominent pulmonary vasculature may indicate increased blood flow or congestion. The linear atelectasis pattern could suggest areas of lung collapse. The healed rib deformity is a chronic finding and does not indicate acute pathology. No acute cardiopulmonary disease is identified at this time. Further clinical correlation may be warranted based on the patient's symptoms and history."
3698,"You are a board-certified radiologist.

You are given a structured context for a chest X-ray:
You are a radiology report generator. Produce a factual, structured chest X-ray report using the following multimodal evidence:

### 1. Image-derived alignment concepts:
airspace opacity, focal opacity, linear atelectasis pattern, prominent pulmonary vasculature, pleural thickening, clear lung fields, left perihilar opacity, ground glass opacity

### 2. GNN disease priors (top predictions):
None

### 3. Knowledge-graph reasoning evidence:
None

### 4. Anatomical context extracted from KG:
None

### TASK:
Generate a complete, clinically accurate radiology report with the following sections:
- Findings
- Impression

Use the evidence above to avoid hallucinations and ensure factual consistency.

TASK:
- Generate a complete, clinically coherent radiology REPORT.
- Include two sections with headings: ""Findings:"" and ""Impression:"".
- Be factual and conservative; rely ONLY on the evidence given above.
- Explicitly mention: heart size, lungs, pleura (effusion/pneumothorax), and bones/other findings.
- Avoid hallucinating new diseases not supported by the evidence.

Return ONLY the report text.","The lungs are clear bilaterally. Specifically, no evidence of focal consolidation, pneumothorax, or pleural effusion. Cardiomediastinal silhouette is unremarkable. Visualized osseous structures of the thorax are without acute abnormality. No acute cardiopulmonary abnormality.","**Findings:**  
The chest X-ray demonstrates clear lung fields bilaterally with no evidence of significant airspace opacity or focal opacity. There is a noted left perihilar opacity, which may suggest a localized process. The pulmonary vasculature appears prominent, indicating possible increased blood flow or vascular congestion. There is no evidence of pleural effusion or pneumothorax. The pleura shows thickening, which may be indicative of chronic changes. No linear atelectasis pattern is observed. The heart size is within normal limits. The bony structures appear intact with no acute osseous abnormalities.

**Impression:**  
The chest X-ray shows clear lung fields with a left perihilar opacity and prominent pulmonary vasculature. Pleural thickening is noted without evidence of effusion or pneumothorax. Heart size is normal. These findings may warrant further clinical correlation and possibly additional imaging to evaluate the left perihilar opacity."
1479,"You are a board-certified radiologist.

You are given a structured context for a chest X-ray:
You are a radiology report generator. Produce a factual, structured chest X-ray report using the following multimodal evidence:

### 1. Image-derived alignment concepts:
airspace opacity, linear atelectasis pattern, right lower zone opacity, pleural thickening, focal opacity, ground glass opacity, clear lung fields, peribronchial thickening

### 2. GNN disease priors (top predictions):
None

### 3. Knowledge-graph reasoning evidence:
None

### 4. Anatomical context extracted from KG:
None

### TASK:
Generate a complete, clinically accurate radiology report with the following sections:
- Findings
- Impression

Use the evidence above to avoid hallucinations and ensure factual consistency.

TASK:
- Generate a complete, clinically coherent radiology REPORT.
- Include two sections with headings: ""Findings:"" and ""Impression:"".
- Be factual and conservative; rely ONLY on the evidence given above.
- Explicitly mention: heart size, lungs, pleura (effusion/pneumothorax), and bones/other findings.
- Avoid hallucinating new diseases not supported by the evidence.

Return ONLY the report text.","Heart size, mediastinal silhouette, pulmonary vascularity are within normal limits. No focal consolidation or pleural effusion. No pneumothorax. Mild right apex curvature of the upper thoracic spine is nonspecific and could be related to patient positioning. Nodular opacity projecting over the posterior right 9th rib and XXXX reflects granuloma.","**Findings:**  
The chest X-ray demonstrates clear lung fields bilaterally with no evidence of significant pleural effusion or pneumothorax. There is a noted right lower zone opacity, which may represent airspace opacity. Additionally, a linear atelectasis pattern is observed in the right lower lobe. There is also evidence of pleural thickening in the right lower zone. No focal opacity or ground glass opacity is identified. The heart size appears within normal limits, and the bony structures are unremarkable with no acute osseous abnormalities.

**Impression:**  
The findings suggest the presence of a right lower zone opacity likely related to airspace disease, accompanied by linear atelectasis and pleural thickening. There are no signs of significant pleural effusion or pneumothorax. The heart size is normal, and the overall lung fields are clear. Further clinical correlation may be warranted to determine the underlying etiology of the right lower zone findings."
3695,"You are a board-certified radiologist.

You are given a structured context for a chest X-ray:
You are a radiology report generator. Produce a factual, structured chest X-ray report using the following multimodal evidence:

### 1. Image-derived alignment concepts:
airspace opacity, linear atelectasis pattern, clear lung fields, right lower zone opacity, enlarged cardiac silhouette, diffuse increased density, focal opacity, ground glass opacity

### 2. GNN disease priors (top predictions):
None

### 3. Knowledge-graph reasoning evidence:
None

### 4. Anatomical context extracted from KG:
None

### TASK:
Generate a complete, clinically accurate radiology report with the following sections:
- Findings
- Impression

Use the evidence above to avoid hallucinations and ensure factual consistency.

TASK:
- Generate a complete, clinically coherent radiology REPORT.
- Include two sections with headings: ""Findings:"" and ""Impression:"".
- Be factual and conservative; rely ONLY on the evidence given above.
- Explicitly mention: heart size, lungs, pleura (effusion/pneumothorax), and bones/other findings.
- Avoid hallucinating new diseases not supported by the evidence.

Return ONLY the report text.","The cardiac silhouette size is at the upper limits of normal. Central vascular markings are mildly prominent. The lungs are normally inflated with no focal airspace disease, pleural effusion, or pneumothorax. No acute bony abnormality. 1. Mild central vascular prominence, XXXX congestion. Heart size at the upper limits of normal.","**Findings:**  
The chest X-ray demonstrates an enlarged cardiac silhouette. The lungs appear clear overall, with the exception of a right lower zone opacity noted. There is evidence of a linear atelectasis pattern, and diffuse increased density is observed in certain areas. No pleural effusion or pneumothorax is identified. The bones and other structures appear unremarkable.

**Impression:**  
The findings suggest an enlarged heart size with associated right lower zone opacity, which may indicate an underlying pathology. The presence of linear atelectasis and diffuse increased density warrants further clinical correlation. No acute pleural processes are evident. Overall, the lung fields are predominantly clear aside from the noted abnormalities."
1337,"You are a board-certified radiologist.

You are given a structured context for a chest X-ray:
You are a radiology report generator. Produce a factual, structured chest X-ray report using the following multimodal evidence:

### 1. Image-derived alignment concepts:
airspace opacity, clear lung fields, linear atelectasis pattern, ground glass opacity, healed rib deformity, focal opacity, diffuse increased density, pleural thickening

### 2. GNN disease priors (top predictions):
None

### 3. Knowledge-graph reasoning evidence:
None

### 4. Anatomical context extracted from KG:
None

### TASK:
Generate a complete, clinically accurate radiology report with the following sections:
- Findings
- Impression

Use the evidence above to avoid hallucinations and ensure factual consistency.

TASK:
- Generate a complete, clinically coherent radiology REPORT.
- Include two sections with headings: ""Findings:"" and ""Impression:"".
- Be factual and conservative; rely ONLY on the evidence given above.
- Explicitly mention: heart size, lungs, pleura (effusion/pneumothorax), and bones/other findings.
- Avoid hallucinating new diseases not supported by the evidence.

Return ONLY the report text.",1. Low lung volumes 2. Exam limited on lateral view by superimposed soft tissue and bony structures of the arm 3. Lungs appear grossly clear. No evidence of pneumonia. 4. Heart and pulmonary XXXX appear normal 5. Pleural spaces are clear 6. Mediastinal contours appear normal 7. No acute cardiopulmonary disease on this exam,"**Findings:**  
The chest X-ray demonstrates clear lung fields with no evidence of acute airspace opacity. There is a linear atelectasis pattern noted, which may suggest some degree of volume loss in the affected areas. No ground glass opacity is observed. The heart size appears within normal limits. There is no evidence of pleural effusion or pneumothorax. However, there is noted pleural thickening. Additionally, a healed rib deformity is present, but no acute bony abnormalities are identified.

**Impression:**  
The chest X-ray shows clear lung fields with linear atelectasis and pleural thickening. Heart size is normal, and there are no signs of effusion or pneumothorax. The presence of a healed rib deformity is noted. Overall, the findings are consistent with chronic changes without acute pathology."
1884,"You are a board-certified radiologist.

You are given a structured context for a chest X-ray:
You are a radiology report generator. Produce a factual, structured chest X-ray report using the following multimodal evidence:

### 1. Image-derived alignment concepts:
airspace opacity, linear atelectasis pattern, prominent pulmonary vasculature, pleural thickening, left perihilar opacity, focal opacity, clear lung fields, peribronchial thickening

### 2. GNN disease priors (top predictions):
None

### 3. Knowledge-graph reasoning evidence:
None

### 4. Anatomical context extracted from KG:
None

### TASK:
Generate a complete, clinically accurate radiology report with the following sections:
- Findings
- Impression

Use the evidence above to avoid hallucinations and ensure factual consistency.

TASK:
- Generate a complete, clinically coherent radiology REPORT.
- Include two sections with headings: ""Findings:"" and ""Impression:"".
- Be factual and conservative; rely ONLY on the evidence given above.
- Explicitly mention: heart size, lungs, pleura (effusion/pneumothorax), and bones/other findings.
- Avoid hallucinating new diseases not supported by the evidence.

Return ONLY the report text.","The heart size and pulmonary vascularity appear within normal limits. The lungs are free of focal airspace disease. No pleural effusion or pneumothorax is noted. Degenerative changes are noted in the spine. The descending thoracic aorta is mildly tortuous. The mediastinum appears somewhat prominent. 1. Prominent mediastinum. May be due to mediastinal fat. Comparison films, if available, would be useful to determine if this is a chronic appearance. 2. Clear lungs.","**Findings:**  
The chest X-ray demonstrates clear lung fields bilaterally with no evidence of effusion or pneumothorax. There is a prominent pulmonary vasculature noted. A linear atelectasis pattern is observed, along with peribronchial thickening. Additionally, there is a left perihilar opacity and focal opacity present. Pleural thickening is also noted. The heart size appears within normal limits. No bony abnormalities are identified.

**Impression:**  
The findings suggest the presence of linear atelectasis and peribronchial thickening, with associated left perihilar and focal opacities. The prominent pulmonary vasculature may indicate increased blood flow or congestion. Pleural thickening is noted, but there is no evidence of effusion or pneumothorax. Overall, the heart size is normal, and no significant bony abnormalities are observed. Further clinical correlation may be warranted based on the patient's symptoms and history."
328,"You are a board-certified radiologist.

You are given a structured context for a chest X-ray:
You are a radiology report generator. Produce a factual, structured chest X-ray report using the following multimodal evidence:

### 1. Image-derived alignment concepts:
airspace opacity, focal opacity, enlarged cardiac silhouette, prominent pulmonary vasculature, ground glass opacity, pleural thickening, linear atelectasis pattern, clear lung fields

### 2. GNN disease priors (top predictions):
None

### 3. Knowledge-graph reasoning evidence:
None

### 4. Anatomical context extracted from KG:
None

### TASK:
Generate a complete, clinically accurate radiology report with the following sections:
- Findings
- Impression

Use the evidence above to avoid hallucinations and ensure factual consistency.

TASK:
- Generate a complete, clinically coherent radiology REPORT.
- Include two sections with headings: ""Findings:"" and ""Impression:"".
- Be factual and conservative; rely ONLY on the evidence given above.
- Explicitly mention: heart size, lungs, pleura (effusion/pneumothorax), and bones/other findings.
- Avoid hallucinating new diseases not supported by the evidence.

Return ONLY the report text.",The heart size and pulmonary vascularity appear within normal limits. The lungs are free of focal airspace disease. No pleural effusion or pneumothorax is seen. 1. No evidence of active disease.,"**Findings:**  
The chest X-ray demonstrates a clear lung field with no evidence of airspace opacity or focal opacity. The cardiac silhouette appears enlarged. There is prominent pulmonary vasculature noted. No pleural effusion or pneumothorax is observed, and there is no evidence of pleural thickening. Additionally, there are no signs of linear atelectasis. The bony structures are unremarkable with no acute osseous abnormalities identified.

**Impression:**  
Enlarged cardiac silhouette with prominent pulmonary vasculature. Clear lung fields with no evidence of airspace or focal opacities, pleural effusion, or pneumothorax. No significant findings in the bony structures."
2528,"You are a board-certified radiologist.

You are given a structured context for a chest X-ray:
You are a radiology report generator. Produce a factual, structured chest X-ray report using the following multimodal evidence:

### 1. Image-derived alignment concepts:
airspace opacity, enlarged cardiac silhouette, pleural thickening, focal opacity, prominent pulmonary vasculature, retrocardiac opacity, linear atelectasis pattern, left perihilar opacity

### 2. GNN disease priors (top predictions):
None

### 3. Knowledge-graph reasoning evidence:
None

### 4. Anatomical context extracted from KG:
None

### TASK:
Generate a complete, clinically accurate radiology report with the following sections:
- Findings
- Impression

Use the evidence above to avoid hallucinations and ensure factual consistency.

TASK:
- Generate a complete, clinically coherent radiology REPORT.
- Include two sections with headings: ""Findings:"" and ""Impression:"".
- Be factual and conservative; rely ONLY on the evidence given above.
- Explicitly mention: heart size, lungs, pleura (effusion/pneumothorax), and bones/other findings.
- Avoid hallucinating new diseases not supported by the evidence.

Return ONLY the report text.",The cardiac contours are normal. The lungs are clear. Thoracic spondylosis. Lungs appear relatively clear on today's exam. No significant interval change since the prior study and XXXX.,"**Findings:**  
The chest X-ray demonstrates an enlarged cardiac silhouette. There is evidence of airspace opacity in the left perihilar region, accompanied by prominent pulmonary vasculature. Additionally, linear atelectasis is noted, and there is a focal opacity present. Pleural thickening is observed, but no significant pleural effusion or pneumothorax is identified. The retrocardiac region shows opacity, which may suggest underlying pathology. The bony structures appear unremarkable with no acute osseous abnormalities noted.

**Impression:**  
The findings suggest possible left-sided pulmonary pathology, potentially indicating infection or inflammation, given the airspace opacity and prominent pulmonary vasculature. The enlarged cardiac silhouette may warrant further clinical correlation to assess for potential cardiomegaly. The pleural thickening could indicate chronic changes, but no acute effusion or pneumothorax is present. Further evaluation may be necessary based on clinical context."
1191,"You are a board-certified radiologist.

You are given a structured context for a chest X-ray:
You are a radiology report generator. Produce a factual, structured chest X-ray report using the following multimodal evidence:

### 1. Image-derived alignment concepts:
clear lung fields, linear atelectasis pattern, airspace opacity, prominent pulmonary vasculature, left perihilar opacity, pleural thickening, focal opacity, healed rib deformity

### 2. GNN disease priors (top predictions):
None

### 3. Knowledge-graph reasoning evidence:
None

### 4. Anatomical context extracted from KG:
None

### TASK:
Generate a complete, clinically accurate radiology report with the following sections:
- Findings
- Impression

Use the evidence above to avoid hallucinations and ensure factual consistency.

TASK:
- Generate a complete, clinically coherent radiology REPORT.
- Include two sections with headings: ""Findings:"" and ""Impression:"".
- Be factual and conservative; rely ONLY on the evidence given above.
- Explicitly mention: heart size, lungs, pleura (effusion/pneumothorax), and bones/other findings.
- Avoid hallucinating new diseases not supported by the evidence.

Return ONLY the report text.","Heart size and pulmonary vascular engorgement appear within limits of normal. Mediastinal contour is unremarkable. No focal consolidation, pleural effusion, or pneumothorax identified. No acute bony changes. No acute cardiopulmonary abnormality identified.","**Findings:**  
The chest X-ray demonstrates clear lung fields bilaterally with a linear atelectasis pattern noted. There is evidence of airspace opacity in the left perihilar region, accompanied by prominent pulmonary vasculature. Additionally, there is pleural thickening observed, as well as a focal opacity in the left lung. A healed rib deformity is also present. The heart size appears within normal limits. No pleural effusion or pneumothorax is identified.

**Impression:**  
The findings suggest linear atelectasis and focal opacity in the left lung, likely representing a localized process. The prominent pulmonary vasculature may indicate increased blood flow or congestion. The pleural thickening could suggest a previous inflammatory process. The healed rib deformity is noted but does not appear to contribute to any acute findings. Overall, there are no acute cardiopulmonary abnormalities identified."
774,"You are a board-certified radiologist.

You are given a structured context for a chest X-ray:
You are a radiology report generator. Produce a factual, structured chest X-ray report using the following multimodal evidence:

### 1. Image-derived alignment concepts:
clear lung fields, left perihilar opacity, ground glass opacity, prominent pulmonary vasculature, airspace opacity, right lower zone opacity, diffuse increased density, peribronchial thickening

### 2. GNN disease priors (top predictions):
None

### 3. Knowledge-graph reasoning evidence:
None

### 4. Anatomical context extracted from KG:
None

### TASK:
Generate a complete, clinically accurate radiology report with the following sections:
- Findings
- Impression

Use the evidence above to avoid hallucinations and ensure factual consistency.

TASK:
- Generate a complete, clinically coherent radiology REPORT.
- Include two sections with headings: ""Findings:"" and ""Impression:"".
- Be factual and conservative; rely ONLY on the evidence given above.
- Explicitly mention: heart size, lungs, pleura (effusion/pneumothorax), and bones/other findings.
- Avoid hallucinating new diseases not supported by the evidence.

Return ONLY the report text.",Heart size and mediastinal contour are normal. Pulmonary vascularity is normal. Lungs are mildly hyperexpanded but clear. No pleural effusions or pneumothoraces. Degenerative changes in the thoracic spine. Emphysema without acute cardiopulmonary process.,"**Findings:**  
The chest X-ray demonstrates clear lung fields bilaterally with the exception of a left perihilar opacity. There is evidence of ground glass opacity noted in the left lung region. The pulmonary vasculature appears prominent. Additionally, there is airspace opacity observed in the right lower zone, along with diffuse increased density throughout the lung fields. Peribronchial thickening is also present. The heart size is within normal limits. No pleural effusion or pneumothorax is identified. The bony structures appear unremarkable with no acute osseous abnormalities noted.

**Impression:**  
The findings suggest the presence of a left perihilar opacity and ground glass opacity, which may indicate an underlying process such as infection or inflammation. The prominent pulmonary vasculature and airspace opacity in the right lower zone warrant further clinical correlation. Overall, the heart size is normal, and there are no signs of pleural effusion or pneumothorax. Further evaluation may be necessary based on clinical context."
1485,"You are a board-certified radiologist.

You are given a structured context for a chest X-ray:
You are a radiology report generator. Produce a factual, structured chest X-ray report using the following multimodal evidence:

### 1. Image-derived alignment concepts:
enlarged cardiac silhouette, pleural thickening, airspace opacity, linear atelectasis pattern, focal opacity, prominent pulmonary vasculature, right lower zone opacity, left perihilar opacity

### 2. GNN disease priors (top predictions):
None

### 3. Knowledge-graph reasoning evidence:
None

### 4. Anatomical context extracted from KG:
None

### TASK:
Generate a complete, clinically accurate radiology report with the following sections:
- Findings
- Impression

Use the evidence above to avoid hallucinations and ensure factual consistency.

TASK:
- Generate a complete, clinically coherent radiology REPORT.
- Include two sections with headings: ""Findings:"" and ""Impression:"".
- Be factual and conservative; rely ONLY on the evidence given above.
- Explicitly mention: heart size, lungs, pleura (effusion/pneumothorax), and bones/other findings.
- Avoid hallucinating new diseases not supported by the evidence.

Return ONLY the report text.",Again seen are platelike horizontal opacities in both lung bases through this is consistent with scarring or subsegmental atelectasis. There are T-spine osteophytes. The cardiomediastinal silhouette and pulmonary vasculature are within normal limits. There is no pneumothorax or pleural effusion. There there is no lobar pneumonia. There are calcified right hilar granuloma. There are degenerative changes of the XXXX. There is a curvilinear density within and along the right costophrenic sulcus which most XXXX represents a skinfold. There is a unchanged fracture with callus at the left 9th lateral rib. Unchanged platelike bibasilar opacities most XXXX representing scarring or subsegmental atelectasis. No acute cardiopulmonary abnormality.,"**Findings:**  
The cardiac silhouette is enlarged, suggesting possible cardiomegaly. The lungs demonstrate areas of airspace opacity, particularly in the right lower zone and left perihilar region, which may indicate consolidation or other pathology. There is a linear atelectasis pattern noted, which could suggest areas of lung collapse. Additionally, pleural thickening is observed, but there is no evidence of significant pleural effusion or pneumothorax. The pulmonary vasculature appears prominent, which may be indicative of increased blood flow or pressure. No acute bony abnormalities are identified in the visualized thoracic structures.

**Impression:**  
Enlarged cardiac silhouette consistent with possible cardiomegaly. The presence of airspace opacity in the right lower zone and left perihilar region, along with linear atelectasis, raises concern for underlying pulmonary pathology. Pleural thickening is noted without significant effusion or pneumothorax. Prominent pulmonary vasculature may suggest increased vascular pressure. Further clinical correlation and possible follow-up imaging may be warranted to evaluate the underlying causes of these findings."
966,"You are a board-certified radiologist.

You are given a structured context for a chest X-ray:
You are a radiology report generator. Produce a factual, structured chest X-ray report using the following multimodal evidence:

### 1. Image-derived alignment concepts:
linear atelectasis pattern, airspace opacity, prominent pulmonary vasculature, clear lung fields, focal opacity, left perihilar opacity, right lower zone opacity, healed rib deformity

### 2. GNN disease priors (top predictions):
None

### 3. Knowledge-graph reasoning evidence:
None

### 4. Anatomical context extracted from KG:
None

### TASK:
Generate a complete, clinically accurate radiology report with the following sections:
- Findings
- Impression

Use the evidence above to avoid hallucinations and ensure factual consistency.

TASK:
- Generate a complete, clinically coherent radiology REPORT.
- Include two sections with headings: ""Findings:"" and ""Impression:"".
- Be factual and conservative; rely ONLY on the evidence given above.
- Explicitly mention: heart size, lungs, pleura (effusion/pneumothorax), and bones/other findings.
- Avoid hallucinating new diseases not supported by the evidence.

Return ONLY the report text.","The cardiac silhouette is normal in size and configuration. The mediastinum and perihilar structures appear to be are unremarkable. An element of atelectasis and infiltrate is noted involving the right upper lobe. In addition, subsegmental atelectatic change is present overlying the left ventricle. No pneumothorax is identified. The osseous structures appear to be unremarkable. Incidental note is XXXX of nipple XXXX.","**Findings:**  
The chest X-ray demonstrates clear lung fields bilaterally with no evidence of pleural effusion or pneumothorax. There is a linear atelectasis pattern noted, particularly in the right lower zone, accompanied by a focal opacity in the left perihilar region. The pulmonary vasculature appears prominent. Additionally, there is a healed rib deformity observed, which is likely an incidental finding. The heart size is within normal limits.

**Impression:**  
The findings are suggestive of linear atelectasis and focal opacity in the left perihilar region, with no acute disease identified. The prominent pulmonary vasculature may warrant clinical correlation. The healed rib deformity is noted but does not appear to contribute to any acute pathology. Overall, the examination is unremarkable for significant acute cardiopulmonary disease."
3176,"You are a board-certified radiologist.

You are given a structured context for a chest X-ray:
You are a radiology report generator. Produce a factual, structured chest X-ray report using the following multimodal evidence:

### 1. Image-derived alignment concepts:
airspace opacity, linear atelectasis pattern, prominent pulmonary vasculature, left perihilar opacity, pleural thickening, clear lung fields, focal opacity, right lower zone opacity

### 2. GNN disease priors (top predictions):
None

### 3. Knowledge-graph reasoning evidence:
None

### 4. Anatomical context extracted from KG:
None

### TASK:
Generate a complete, clinically accurate radiology report with the following sections:
- Findings
- Impression

Use the evidence above to avoid hallucinations and ensure factual consistency.

TASK:
- Generate a complete, clinically coherent radiology REPORT.
- Include two sections with headings: ""Findings:"" and ""Impression:"".
- Be factual and conservative; rely ONLY on the evidence given above.
- Explicitly mention: heart size, lungs, pleura (effusion/pneumothorax), and bones/other findings.
- Avoid hallucinating new diseases not supported by the evidence.

Return ONLY the report text.",Both lungs are clear and expanded. Heart and mediastinum normal. No active disease.,"**Findings:**  
The chest X-ray demonstrates clear lung fields bilaterally with no evidence of significant pleural effusion or pneumothorax. There is a prominent pulmonary vasculature noted, which may suggest increased blood flow or congestion. A focal opacity is observed in the right lower zone, accompanied by a linear atelectasis pattern. Additionally, there is a left perihilar opacity and pleural thickening noted. The heart size appears within normal limits, and no bony abnormalities are identified.

**Impression:**  
The findings suggest the presence of a right lower zone opacity, potentially indicative of an infectious or inflammatory process, along with linear atelectasis. The left perihilar opacity and pleural thickening may warrant further clinical correlation. Overall, there are no acute cardiopulmonary abnormalities identified, and the heart size is normal. Further evaluation may be necessary based on clinical context."
1288,"You are a board-certified radiologist.

You are given a structured context for a chest X-ray:
You are a radiology report generator. Produce a factual, structured chest X-ray report using the following multimodal evidence:

### 1. Image-derived alignment concepts:
airspace opacity, linear atelectasis pattern, prominent pulmonary vasculature, focal opacity, pleural thickening, clear lung fields, ground glass opacity, enlarged cardiac silhouette

### 2. GNN disease priors (top predictions):
None

### 3. Knowledge-graph reasoning evidence:
None

### 4. Anatomical context extracted from KG:
None

### TASK:
Generate a complete, clinically accurate radiology report with the following sections:
- Findings
- Impression

Use the evidence above to avoid hallucinations and ensure factual consistency.

TASK:
- Generate a complete, clinically coherent radiology REPORT.
- Include two sections with headings: ""Findings:"" and ""Impression:"".
- Be factual and conservative; rely ONLY on the evidence given above.
- Explicitly mention: heart size, lungs, pleura (effusion/pneumothorax), and bones/other findings.
- Avoid hallucinating new diseases not supported by the evidence.

Return ONLY the report text.","PA and lateral views the chest were obtained. The cardiomediastinal silhouette is normal in size and configuration. Prominent bilateral pericardial fat pads. The lungs are well aerated. There is minimal patchy and XXXX air space opacity within the lingula favored as atelectasis. Minimal XXXX patchy airspace disease within the lingula, may reflect atelectasis or infiltrate.","**Findings:**  
The chest X-ray demonstrates clear lung fields with no evidence of significant airspace opacity or ground glass opacity. There is a linear atelectasis pattern noted, which may suggest some degree of volume loss in the affected lung segments. The pulmonary vasculature appears prominent, indicating possible increased blood flow or vascular congestion. A focal opacity is observed, but its characteristics are not specified. Pleural thickening is present, although there is no evidence of pleural effusion or pneumothorax. The cardiac silhouette is enlarged, which may suggest cardiomegaly. No significant bony abnormalities are noted.

**Impression:**  
The findings suggest linear atelectasis and pleural thickening, with an enlarged cardiac silhouette indicative of possible cardiomegaly. The lungs are otherwise clear, and there is no evidence of effusion or pneumothorax. Further clinical correlation may be necessary to evaluate the significance of the focal opacity and the prominent pulmonary vasculature."
1191,"You are a board-certified radiologist.

You are given a structured context for a chest X-ray:
You are a radiology report generator. Produce a factual, structured chest X-ray report using the following multimodal evidence:

### 1. Image-derived alignment concepts:
clear lung fields, linear atelectasis pattern, airspace opacity, prominent pulmonary vasculature, left perihilar opacity, pleural thickening, focal opacity, healed rib deformity

### 2. GNN disease priors (top predictions):
None

### 3. Knowledge-graph reasoning evidence:
None

### 4. Anatomical context extracted from KG:
None

### TASK:
Generate a complete, clinically accurate radiology report with the following sections:
- Findings
- Impression

Use the evidence above to avoid hallucinations and ensure factual consistency.

TASK:
- Generate a complete, clinically coherent radiology REPORT.
- Include two sections with headings: ""Findings:"" and ""Impression:"".
- Be factual and conservative; rely ONLY on the evidence given above.
- Explicitly mention: heart size, lungs, pleura (effusion/pneumothorax), and bones/other findings.
- Avoid hallucinating new diseases not supported by the evidence.

Return ONLY the report text.","Heart size and pulmonary vascular engorgement appear within limits of normal. Mediastinal contour is unremarkable. No focal consolidation, pleural effusion, or pneumothorax identified. No acute bony changes. No acute cardiopulmonary abnormality identified.","**Findings:**  
The chest X-ray demonstrates clear lung fields bilaterally with a linear atelectasis pattern noted. There is evidence of airspace opacity in the left perihilar region, which may suggest an underlying process. The pulmonary vasculature appears prominent. Additionally, there is pleural thickening observed, along with a focal opacity in the left lung. No significant pleural effusion or pneumothorax is identified. The heart size is within normal limits. A healed rib deformity is noted, indicating a prior injury.

**Impression:**  
The findings are suggestive of linear atelectasis and possible localized infection or inflammation in the left perihilar region, given the airspace opacity. The prominent pulmonary vasculature may indicate increased blood flow or congestion. Pleural thickening could be related to prior inflammatory processes. No acute cardiopulmonary abnormalities are observed, and the heart size is normal. The healed rib deformity is a chronic finding. Further clinical correlation may be warranted to evaluate the significance of the left perihilar opacity."
2084,"You are a board-certified radiologist.

You are given a structured context for a chest X-ray:
You are a radiology report generator. Produce a factual, structured chest X-ray report using the following multimodal evidence:

### 1. Image-derived alignment concepts:
linear atelectasis pattern, left perihilar opacity, prominent pulmonary vasculature, clear lung fields, aortic calcification, airspace opacity, healed rib deformity, focal opacity

### 2. GNN disease priors (top predictions):
None

### 3. Knowledge-graph reasoning evidence:
None

### 4. Anatomical context extracted from KG:
None

### TASK:
Generate a complete, clinically accurate radiology report with the following sections:
- Findings
- Impression

Use the evidence above to avoid hallucinations and ensure factual consistency.

TASK:
- Generate a complete, clinically coherent radiology REPORT.
- Include two sections with headings: ""Findings:"" and ""Impression:"".
- Be factual and conservative; rely ONLY on the evidence given above.
- Explicitly mention: heart size, lungs, pleura (effusion/pneumothorax), and bones/other findings.
- Avoid hallucinating new diseases not supported by the evidence.

Return ONLY the report text.",Left chest wall Mediport placement with venous catheter tip in superior XXXX XXXX. Normal cardiac contours. No pneumothorax or pleural effusions. Clear lungs bilaterally. XXXX fracture seen at T5 and L2 with areas of sclerosis throughout the thoracic and lumbar spine. 1. Pathologic fractures seen at T5 and L2. 2. Left venous catheter in SVC.,"**Findings:**  
The heart size is within normal limits. The lungs demonstrate clear lung fields bilaterally, with no evidence of effusion or pneumothorax. There is a linear atelectasis pattern noted, along with a left perihilar opacity and prominent pulmonary vasculature. Additionally, there is an airspace opacity present. A healed rib deformity is observed, but no acute bony abnormalities are identified.

**Impression:**  
The findings suggest a linear atelectasis pattern and a left perihilar opacity, which may warrant further clinical correlation. The prominent pulmonary vasculature and airspace opacity could indicate underlying pathology that may require additional evaluation. The heart size is normal, and there are no pleural effusions or pneumothorax. The healed rib deformity is noted without acute changes. Overall, the findings are suggestive of chronic changes rather than acute processes."
3706,"You are a board-certified radiologist.

You are given a structured context for a chest X-ray:
You are a radiology report generator. Produce a factual, structured chest X-ray report using the following multimodal evidence:

### 1. Image-derived alignment concepts:
airspace opacity, retrocardiac opacity, linear atelectasis pattern, focal opacity, pleural thickening, ground glass opacity, right lower zone opacity, diffuse increased density

### 2. GNN disease priors (top predictions):
None

### 3. Knowledge-graph reasoning evidence:
None

### 4. Anatomical context extracted from KG:
None

### TASK:
Generate a complete, clinically accurate radiology report with the following sections:
- Findings
- Impression

Use the evidence above to avoid hallucinations and ensure factual consistency.

TASK:
- Generate a complete, clinically coherent radiology REPORT.
- Include two sections with headings: ""Findings:"" and ""Impression:"".
- Be factual and conservative; rely ONLY on the evidence given above.
- Explicitly mention: heart size, lungs, pleura (effusion/pneumothorax), and bones/other findings.
- Avoid hallucinating new diseases not supported by the evidence.

Return ONLY the report text.","The lungs are clear, and without focal airspace opacity. The cardiomediastinal silhouette is stable from prior exam. There is no pneumothorax or large pleural effusion. Mediastinal surgical clips are again noted. No acute cardiopulmonary abnormality.","**Findings:**  
The heart size is within normal limits. The lungs demonstrate areas of airspace opacity, particularly noted in the right lower zone, which may suggest an underlying process such as infection or inflammation. There is also evidence of linear atelectasis pattern observed, indicating possible partial lung collapse. Additionally, focal opacity is present, and there is diffuse increased density throughout the lung fields. Pleural thickening is noted, but there is no evidence of pleural effusion or pneumothorax. The bony structures appear unremarkable with no acute osseous abnormalities identified.

**Impression:**  
The chest X-ray findings are suggestive of possible infectious or inflammatory processes in the right lower zone, characterized by airspace opacity and linear atelectasis. The presence of pleural thickening may warrant further clinical correlation. No significant abnormalities of the heart size or bony structures are observed. Further evaluation may be considered based on clinical context."
3365,"You are a board-certified radiologist.

You are given a structured context for a chest X-ray:
You are a radiology report generator. Produce a factual, structured chest X-ray report using the following multimodal evidence:

### 1. Image-derived alignment concepts:
linear atelectasis pattern, left perihilar opacity, airspace opacity, clear lung fields, pleural thickening, prominent pulmonary vasculature, focal opacity, diffuse increased density

### 2. GNN disease priors (top predictions):
None

### 3. Knowledge-graph reasoning evidence:
None

### 4. Anatomical context extracted from KG:
None

### TASK:
Generate a complete, clinically accurate radiology report with the following sections:
- Findings
- Impression

Use the evidence above to avoid hallucinations and ensure factual consistency.

TASK:
- Generate a complete, clinically coherent radiology REPORT.
- Include two sections with headings: ""Findings:"" and ""Impression:"".
- Be factual and conservative; rely ONLY on the evidence given above.
- Explicitly mention: heart size, lungs, pleura (effusion/pneumothorax), and bones/other findings.
- Avoid hallucinating new diseases not supported by the evidence.

Return ONLY the report text.",No large pleural effusions. No pneumothorax. No focal airspace opacities. Heart size is normal. No acute cardiopulmonary abnormalities.,"**Findings:**  
The chest X-ray demonstrates clear lung fields bilaterally with no evidence of significant pleural effusion or pneumothorax. There is a linear atelectasis pattern noted, particularly in the left perihilar region, accompanied by a left perihilar opacity and focal airspace opacity. The pulmonary vasculature appears prominent, and there is diffuse increased density in the left lung field. Pleural thickening is also observed. The heart size is within normal limits. No acute bony abnormalities are identified.

**Impression:**  
The findings suggest the presence of linear atelectasis and left perihilar opacity, which may indicate underlying pathology such as infection or inflammation. The prominent pulmonary vasculature and diffuse increased density warrant further clinical correlation. No significant pleural effusion or pneumothorax is present, and the heart size is normal. Further evaluation may be necessary based on clinical context."
463,"You are a board-certified radiologist.

You are given a structured context for a chest X-ray:
You are a radiology report generator. Produce a factual, structured chest X-ray report using the following multimodal evidence:

### 1. Image-derived alignment concepts:
airspace opacity, linear atelectasis pattern, focal opacity, pleural thickening, ground glass opacity, left perihilar opacity, clear lung fields, peribronchial thickening

### 2. GNN disease priors (top predictions):
None

### 3. Knowledge-graph reasoning evidence:
None

### 4. Anatomical context extracted from KG:
None

### TASK:
Generate a complete, clinically accurate radiology report with the following sections:
- Findings
- Impression

Use the evidence above to avoid hallucinations and ensure factual consistency.

TASK:
- Generate a complete, clinically coherent radiology REPORT.
- Include two sections with headings: ""Findings:"" and ""Impression:"".
- Be factual and conservative; rely ONLY on the evidence given above.
- Explicitly mention: heart size, lungs, pleura (effusion/pneumothorax), and bones/other findings.
- Avoid hallucinating new diseases not supported by the evidence.

Return ONLY the report text.",There is a approximately 4 cm opacity with one XXXX margin and the other ill-defined in the lateral lower left lung is seen on the PA view. This is not definitely seen on the lateral view. There is no pneumothorax or pleural effusion. The cardiac silhouette is within normal limits. There are T-spine osteophytes. There is no pneumothorax or pleural effusion. There are calcified hilar lymph XXXX there Approximately 4.8 cm mass in the left lower hemithorax. This is favored to be arising from the chest wall and be pleural based. A CT of the chest is recommended for further evaluation. Critical result notification documented through Primordial.,"**Findings:**  
The chest X-ray demonstrates clear lung fields bilaterally with no evidence of significant pleural effusion or pneumothorax. There is a noted linear atelectasis pattern, which may suggest areas of volume loss. Additionally, there is a focal opacity observed in the left perihilar region, accompanied by peribronchial thickening. Ground glass opacity is not present. The heart size appears within normal limits, and no bony abnormalities are identified.

**Impression:**  
The findings are suggestive of linear atelectasis and a focal opacity in the left perihilar region, with associated peribronchial thickening. No acute cardiopulmonary pathology is evident, and the heart size is normal. Further clinical correlation may be warranted to evaluate the significance of the left perihilar opacity."
730,"You are a board-certified radiologist.

You are given a structured context for a chest X-ray:
You are a radiology report generator. Produce a factual, structured chest X-ray report using the following multimodal evidence:

### 1. Image-derived alignment concepts:
airspace opacity, prominent pulmonary vasculature, focal opacity, clear lung fields, pleural thickening, linear atelectasis pattern, left perihilar opacity, diffuse increased density

### 2. GNN disease priors (top predictions):
None

### 3. Knowledge-graph reasoning evidence:
None

### 4. Anatomical context extracted from KG:
None

### TASK:
Generate a complete, clinically accurate radiology report with the following sections:
- Findings
- Impression

Use the evidence above to avoid hallucinations and ensure factual consistency.

TASK:
- Generate a complete, clinically coherent radiology REPORT.
- Include two sections with headings: ""Findings:"" and ""Impression:"".
- Be factual and conservative; rely ONLY on the evidence given above.
- Explicitly mention: heart size, lungs, pleura (effusion/pneumothorax), and bones/other findings.
- Avoid hallucinating new diseases not supported by the evidence.

Return ONLY the report text.",Heart size is normal. Lungs are clear. Calcified stable right midlung granulomas.,"**Findings:**  
The chest X-ray demonstrates clear lung fields with no evidence of significant airspace opacity. There is a prominent pulmonary vasculature noted, which may suggest increased blood flow or volume. A focal opacity is observed in the left perihilar region, which requires further evaluation. Additionally, there is evidence of pleural thickening, but no pleural effusion or pneumothorax is identified. The heart size appears within normal limits. No significant bony abnormalities are noted.

**Impression:**  
The findings are suggestive of a focal opacity in the left perihilar region, with associated pleural thickening. The prominent pulmonary vasculature may indicate increased vascularity. No acute processes such as effusion or pneumothorax are present. Clinical correlation and possible further imaging may be warranted to evaluate the left perihilar opacity."
361,"You are a board-certified radiologist.

You are given a structured context for a chest X-ray:
You are a radiology report generator. Produce a factual, structured chest X-ray report using the following multimodal evidence:

### 1. Image-derived alignment concepts:
prominent pulmonary vasculature, airspace opacity, left perihilar opacity, focal opacity, peribronchial thickening, clear lung fields, ground glass opacity, pleural thickening

### 2. GNN disease priors (top predictions):
None

### 3. Knowledge-graph reasoning evidence:
None

### 4. Anatomical context extracted from KG:
None

### TASK:
Generate a complete, clinically accurate radiology report with the following sections:
- Findings
- Impression

Use the evidence above to avoid hallucinations and ensure factual consistency.

TASK:
- Generate a complete, clinically coherent radiology REPORT.
- Include two sections with headings: ""Findings:"" and ""Impression:"".
- Be factual and conservative; rely ONLY on the evidence given above.
- Explicitly mention: heart size, lungs, pleura (effusion/pneumothorax), and bones/other findings.
- Avoid hallucinating new diseases not supported by the evidence.

Return ONLY the report text.",Lungs remain clear and expanded. Heart and mediastinum normal. No active disease.,"**Findings:**  
The heart size is within normal limits. The lungs demonstrate prominent pulmonary vasculature with clear lung fields overall. There is evidence of airspace opacity, particularly noted in the left perihilar region, which may represent a focal opacity. Additionally, peribronchial thickening is observed. No ground glass opacity is identified. The pleura appears thickened, but there are no signs of effusion or pneumothorax. The bony structures are unremarkable with no acute osseous abnormalities noted.

**Impression:**  
The chest X-ray shows prominent pulmonary vasculature and left perihilar opacity, suggestive of possible localized pathology. Peribronchial thickening is also present. The pleural thickening is noted without evidence of effusion or pneumothorax. Overall, the findings warrant further clinical correlation and possible follow-up imaging to assess the significance of the observed opacities."
2329,"You are a board-certified radiologist.

You are given a structured context for a chest X-ray:
You are a radiology report generator. Produce a factual, structured chest X-ray report using the following multimodal evidence:

### 1. Image-derived alignment concepts:
airspace opacity, prominent pulmonary vasculature, focal opacity, retrocardiac opacity, aortic calcification, ground glass opacity, pleural thickening, peribronchial thickening

### 2. GNN disease priors (top predictions):
None

### 3. Knowledge-graph reasoning evidence:
None

### 4. Anatomical context extracted from KG:
None

### TASK:
Generate a complete, clinically accurate radiology report with the following sections:
- Findings
- Impression

Use the evidence above to avoid hallucinations and ensure factual consistency.

TASK:
- Generate a complete, clinically coherent radiology REPORT.
- Include two sections with headings: ""Findings:"" and ""Impression:"".
- Be factual and conservative; rely ONLY on the evidence given above.
- Explicitly mention: heart size, lungs, pleura (effusion/pneumothorax), and bones/other findings.
- Avoid hallucinating new diseases not supported by the evidence.

Return ONLY the report text.","Heart and mediastinal contours are unremarkable. The pulmonary vasculature is normal in appearance. The lung parenchyma is clear, without focal airspace opacity. There are no pleural effusions, and there is no pneumothorax. The visualized bony structures are grossly unremarkable. No acute cardiopulmonary abnormality.","**Findings:**  
The heart size is within normal limits. The lungs demonstrate prominent pulmonary vasculature. There is no evidence of airspace opacity or focal opacity noted. The retrocardiac region appears clear. Aortic calcification is present. There is no ground glass opacity observed. The pleura shows no signs of effusion or pneumothorax, and there is no pleural thickening identified. Additionally, there is no evidence of peribronchial thickening. The bony structures are unremarkable with no acute findings.

**Impression:**  
The chest X-ray shows normal heart size and clear retrocardiac region. There is prominent pulmonary vasculature without any significant airspace or focal opacities. Aortic calcification is noted, but there are no signs of pleural effusion or pneumothorax. Overall, the findings are consistent with a normal chest X-ray."
2721,"You are a board-certified radiologist.

You are given a structured context for a chest X-ray:
You are a radiology report generator. Produce a factual, structured chest X-ray report using the following multimodal evidence:

### 1. Image-derived alignment concepts:
enlarged cardiac silhouette, airspace opacity, retrocardiac opacity, pleural thickening, focal opacity, linear atelectasis pattern, right lower zone opacity, left perihilar opacity

### 2. GNN disease priors (top predictions):
None

### 3. Knowledge-graph reasoning evidence:
None

### 4. Anatomical context extracted from KG:
None

### TASK:
Generate a complete, clinically accurate radiology report with the following sections:
- Findings
- Impression

Use the evidence above to avoid hallucinations and ensure factual consistency.

TASK:
- Generate a complete, clinically coherent radiology REPORT.
- Include two sections with headings: ""Findings:"" and ""Impression:"".
- Be factual and conservative; rely ONLY on the evidence given above.
- Explicitly mention: heart size, lungs, pleura (effusion/pneumothorax), and bones/other findings.
- Avoid hallucinating new diseases not supported by the evidence.

Return ONLY the report text.","Heart size at the upper limits of normal. There are scattered calcified granulomas. No focal airspace consolidation, large effusion, or appreciable pneumothorax. Tortuous, unfolded to descending aorta. Calcified aortic XXXX. XXXX curvature of the thoracic spine. Exaggerated kyphosis. XXXX are diffusely osteopenic. Multilevel degenerative changes of the thoracic spine with minimal anterior XXXX loss of several vertebral bodies. Chronic changes without acute cardiopulmonary findings.","**Findings:**  
The chest X-ray demonstrates an enlarged cardiac silhouette, suggesting cardiomegaly. There are areas of airspace opacity noted in the right lower zone, which may indicate consolidation or other pathology. Additionally, a retrocardiac opacity is observed, which could represent a mass or other abnormality in that region. Pleural thickening is present, but there is no evidence of significant pleural effusion or pneumothorax. A focal opacity is noted in the left perihilar region, which may warrant further evaluation. There is also a linear atelectasis pattern visible, indicating possible areas of lung collapse. The bony structures appear unremarkable without any acute osseous abnormalities.

**Impression:**  
The findings suggest an enlarged cardiac silhouette consistent with cardiomegaly. The right lower zone airspace opacity and left perihilar focal opacity require further clinical correlation to determine the underlying cause. The presence of retrocardiac opacity and pleural thickening should also be evaluated in the clinical context. No significant pleural effusion or pneumothorax is identified. Overall, the findings warrant further investigation to clarify the nature of the opacities and assess for any underlying pathology."
2261,"You are a board-certified radiologist.

You are given a structured context for a chest X-ray:
You are a radiology report generator. Produce a factual, structured chest X-ray report using the following multimodal evidence:

### 1. Image-derived alignment concepts:
left perihilar opacity, prominent pulmonary vasculature, airspace opacity, clear lung fields, linear atelectasis pattern, focal opacity, pleural thickening, ground glass opacity

### 2. GNN disease priors (top predictions):
None

### 3. Knowledge-graph reasoning evidence:
None

### 4. Anatomical context extracted from KG:
None

### TASK:
Generate a complete, clinically accurate radiology report with the following sections:
- Findings
- Impression

Use the evidence above to avoid hallucinations and ensure factual consistency.

TASK:
- Generate a complete, clinically coherent radiology REPORT.
- Include two sections with headings: ""Findings:"" and ""Impression:"".
- Be factual and conservative; rely ONLY on the evidence given above.
- Explicitly mention: heart size, lungs, pleura (effusion/pneumothorax), and bones/other findings.
- Avoid hallucinating new diseases not supported by the evidence.

Return ONLY the report text.","Frontal and lateral views of the chest with overlying external cardiac monitor leads show normal size and configuration of the cardiac silhouette. Normal pulmonary vasculature and central airways. No focal airspace consolidation or pleural effusion. Incidental note XXXX of an azygos fissure. There are surgical clips, perhaps from cholecystectomy, in the right upper quadrant. No acute or active cardiac, pulmonary or pleural disease.","**Findings:**  
The chest X-ray demonstrates a left perihilar opacity with associated prominent pulmonary vasculature. There is evidence of airspace opacity, which may suggest an underlying process in the left lung. The lung fields are otherwise clear, with no significant bilateral abnormalities noted. A linear atelectasis pattern is observed, indicating possible partial lung collapse. Additionally, there is a focal opacity present, and pleural thickening is noted on the left side. Ground glass opacity is also seen, which may indicate an inflammatory or infectious process. The heart size is within normal limits. No pleural effusion or pneumothorax is identified. The bony structures appear unremarkable with no acute osseous abnormalities.

**Impression:**  
The findings suggest a left perihilar opacity with associated prominent pulmonary vasculature and airspace opacity, likely indicating an underlying pathology such as infection or inflammation. The presence of linear atelectasis and pleural thickening may contribute to the clinical picture. Ground glass opacity is also noted, warranting further clinical correlation. Overall, the heart size is normal, and there are no signs of pleural effusion or pneumothorax. Further evaluation may be necessary based on clinical context."
209,"You are a board-certified radiologist.

You are given a structured context for a chest X-ray:
You are a radiology report generator. Produce a factual, structured chest X-ray report using the following multimodal evidence:

### 1. Image-derived alignment concepts:
airspace opacity, linear atelectasis pattern, prominent pulmonary vasculature, focal opacity, left perihilar opacity, ground glass opacity, clear lung fields, enlarged cardiac silhouette

### 2. GNN disease priors (top predictions):
None

### 3. Knowledge-graph reasoning evidence:
None

### 4. Anatomical context extracted from KG:
None

### TASK:
Generate a complete, clinically accurate radiology report with the following sections:
- Findings
- Impression

Use the evidence above to avoid hallucinations and ensure factual consistency.

TASK:
- Generate a complete, clinically coherent radiology REPORT.
- Include two sections with headings: ""Findings:"" and ""Impression:"".
- Be factual and conservative; rely ONLY on the evidence given above.
- Explicitly mention: heart size, lungs, pleura (effusion/pneumothorax), and bones/other findings.
- Avoid hallucinating new diseases not supported by the evidence.

Return ONLY the report text.",Heart size normal. Slightly tortuous calcified aorta. No pneumothorax or effusion. No evidence of aortic transection.,"**Findings:**  
The chest X-ray demonstrates clear lung fields with no evidence of pleural effusion or pneumothorax. There is a prominent pulmonary vasculature noted. A focal opacity is observed in the left perihilar region, accompanied by ground glass opacity. Additionally, there is a linear atelectasis pattern present. The cardiac silhouette appears enlarged.

**Impression:**  
The findings suggest the presence of a left perihilar opacity with associated ground glass opacity, which may indicate an underlying process such as infection or inflammation. The linear atelectasis pattern may suggest partial lung collapse. The prominent pulmonary vasculature and enlarged cardiac silhouette warrant further clinical correlation to assess for potential heart failure or other cardiovascular conditions. No acute pulmonary processes such as pneumothorax or significant pleural effusion are identified."
3854,"You are a board-certified radiologist.

You are given a structured context for a chest X-ray:
You are a radiology report generator. Produce a factual, structured chest X-ray report using the following multimodal evidence:

### 1. Image-derived alignment concepts:
linear atelectasis pattern, airspace opacity, focal opacity, prominent pulmonary vasculature, clear lung fields, pleural thickening, left perihilar opacity, healed rib deformity

### 2. GNN disease priors (top predictions):
None

### 3. Knowledge-graph reasoning evidence:
None

### 4. Anatomical context extracted from KG:
None

### TASK:
Generate a complete, clinically accurate radiology report with the following sections:
- Findings
- Impression

Use the evidence above to avoid hallucinations and ensure factual consistency.

TASK:
- Generate a complete, clinically coherent radiology REPORT.
- Include two sections with headings: ""Findings:"" and ""Impression:"".
- Be factual and conservative; rely ONLY on the evidence given above.
- Explicitly mention: heart size, lungs, pleura (effusion/pneumothorax), and bones/other findings.
- Avoid hallucinating new diseases not supported by the evidence.

Return ONLY the report text.","Frontal and lateral views of the chest with overlying external cardiac monitor leads show normal size and configuration of the cardiac silhouette. Normal pulmonary vasculature and central airways. No focal airspace consolidation or pleural effusion. No acute or active cardiac, pulmonary or pleural disease.","**Findings:**  
The heart size is within normal limits. The lungs demonstrate clear lung fields with a linear atelectasis pattern noted. There is a left perihilar opacity, which may represent an area of airspace opacity or focal opacity. Prominent pulmonary vasculature is observed. The pleura shows thickening, but there is no evidence of effusion or pneumothorax. Additionally, there is a healed rib deformity noted in the bony structures.

**Impression:**  
The chest X-ray shows clear lung fields with a linear atelectasis pattern and a left perihilar opacity. Prominent pulmonary vasculature is present, and pleural thickening is noted without signs of effusion or pneumothorax. The healed rib deformity is also observed. Overall, there are no acute findings or significant abnormalities identified."
2263,"You are a board-certified radiologist.

You are given a structured context for a chest X-ray:
You are a radiology report generator. Produce a factual, structured chest X-ray report using the following multimodal evidence:

### 1. Image-derived alignment concepts:
focal opacity, linear atelectasis pattern, pleural thickening, enlarged cardiac silhouette, aortic calcification, healed rib deformity, retrocardiac opacity, airspace opacity

### 2. GNN disease priors (top predictions):
None

### 3. Knowledge-graph reasoning evidence:
None

### 4. Anatomical context extracted from KG:
None

### TASK:
Generate a complete, clinically accurate radiology report with the following sections:
- Findings
- Impression

Use the evidence above to avoid hallucinations and ensure factual consistency.

TASK:
- Generate a complete, clinically coherent radiology REPORT.
- Include two sections with headings: ""Findings:"" and ""Impression:"".
- Be factual and conservative; rely ONLY on the evidence given above.
- Explicitly mention: heart size, lungs, pleura (effusion/pneumothorax), and bones/other findings.
- Avoid hallucinating new diseases not supported by the evidence.

Return ONLY the report text.","Heart size moderately enlarged, stable mediastinal contours. XXXX XXXX opacity in the left lung base. Otherwise, no focal alveolar consolidation, no definite pleural effusion seen. No typical findings of pulmonary edema. 1. Cardiomegaly 2. XXXX XXXX opacity in the left base XXXX atelectasis","**Findings:**  
The chest X-ray demonstrates an enlarged cardiac silhouette. There is evidence of focal opacity in the lung fields, accompanied by a linear atelectasis pattern. Pleural thickening is noted, but there is no significant pleural effusion or pneumothorax observed. Additionally, there is a retrocardiac opacity present. Aortic calcification is visible, and there is a healed rib deformity noted in the bony structures. The lungs show airspace opacity, which may suggest an underlying process.

**Impression:**  
The findings are suggestive of possible chronic changes in the lungs, with linear atelectasis and focal opacity. The enlarged cardiac silhouette may indicate cardiomegaly. The presence of pleural thickening warrants further clinical correlation, although no acute effusion or pneumothorax is identified. Aortic calcification is consistent with age-related changes. The healed rib deformity is noted but does not appear to contribute to acute pathology. Overall, the findings should be correlated clinically for further evaluation."
1558,"You are a board-certified radiologist.

You are given a structured context for a chest X-ray:
You are a radiology report generator. Produce a factual, structured chest X-ray report using the following multimodal evidence:

### 1. Image-derived alignment concepts:
airspace opacity, linear atelectasis pattern, ground glass opacity, focal opacity, left perihilar opacity, prominent pulmonary vasculature, pleural thickening, right lower zone opacity

### 2. GNN disease priors (top predictions):
None

### 3. Knowledge-graph reasoning evidence:
None

### 4. Anatomical context extracted from KG:
None

### TASK:
Generate a complete, clinically accurate radiology report with the following sections:
- Findings
- Impression

Use the evidence above to avoid hallucinations and ensure factual consistency.

TASK:
- Generate a complete, clinically coherent radiology REPORT.
- Include two sections with headings: ""Findings:"" and ""Impression:"".
- Be factual and conservative; rely ONLY on the evidence given above.
- Explicitly mention: heart size, lungs, pleura (effusion/pneumothorax), and bones/other findings.
- Avoid hallucinating new diseases not supported by the evidence.

Return ONLY the report text.",Low lung volumes. Cardiomediastinal silhouette is within normal limits of size and appearance. Pulmonary vascularity is within normal limits. Lungs are clear airspace disease. Negative for pneumothorax or pleural effusion. XXXX XXXX are grossly intact. 1. No acute cardiopulmonary abnormality.,"**Findings:**  
The chest X-ray demonstrates the following findings:  
- There is airspace opacity noted in the right lower zone, which may suggest an underlying process such as pneumonia or consolidation.  
- A linear atelectasis pattern is observed, indicating possible partial lung collapse.  
- Ground glass opacity is present, which may indicate interstitial lung disease or other inflammatory processes.  
- Focal opacity is noted in the left perihilar region, which could represent a localized infection or mass effect.  
- Prominent pulmonary vasculature is seen, which may suggest increased blood flow or congestion.  
- There is pleural thickening noted, but no significant pleural effusion or pneumothorax is identified.  
- The heart size appears to be within normal limits.  
- The bony structures are unremarkable with no acute osseous abnormalities detected.

**Impression:**  
The chest X-ray findings are suggestive of possible infectious or inflammatory processes in the right lower zone and left perihilar region, with associated linear atelectasis and ground glass opacities. The prominent pulmonary vasculature may indicate congestion. Pleural thickening is noted without evidence of effusion or pneumothorax. Clinical correlation is recommended to determine the underlying etiology of these findings."
3648,"You are a board-certified radiologist.

You are given a structured context for a chest X-ray:
You are a radiology report generator. Produce a factual, structured chest X-ray report using the following multimodal evidence:

### 1. Image-derived alignment concepts:
airspace opacity, clear lung fields, prominent pulmonary vasculature, linear atelectasis pattern, focal opacity, ground glass opacity, left perihilar opacity, right lower zone opacity

### 2. GNN disease priors (top predictions):
None

### 3. Knowledge-graph reasoning evidence:
None

### 4. Anatomical context extracted from KG:
None

### TASK:
Generate a complete, clinically accurate radiology report with the following sections:
- Findings
- Impression

Use the evidence above to avoid hallucinations and ensure factual consistency.

TASK:
- Generate a complete, clinically coherent radiology REPORT.
- Include two sections with headings: ""Findings:"" and ""Impression:"".
- Be factual and conservative; rely ONLY on the evidence given above.
- Explicitly mention: heart size, lungs, pleura (effusion/pneumothorax), and bones/other findings.
- Avoid hallucinating new diseases not supported by the evidence.

Return ONLY the report text.","The heart and cardiomediastinal silhouette are normal in size and contour. There is no focal airspace opacity, pleural effusion, or pneumothorax. The osseous structures are intact. No acute cardiopulmonary finding.","**Findings:**  
The heart size is within normal limits. The lungs demonstrate clear lung fields bilaterally, with no evidence of pleural effusion or pneumothorax. There is a prominent pulmonary vasculature noted. A linear atelectasis pattern is observed, along with focal opacity in the right lower zone. Additionally, there is a left perihilar opacity and ground glass opacity present. No significant bony abnormalities are identified.

**Impression:**  
The chest X-ray shows clear lung fields with prominent pulmonary vasculature. The presence of linear atelectasis, focal opacity in the right lower zone, and left perihilar opacity may suggest underlying pathology that warrants further clinical correlation. Ground glass opacity is also noted, which could indicate a variety of conditions. Overall, there are no acute findings of pleural effusion or pneumothorax, and the heart size is normal. Further evaluation may be necessary based on clinical context."
739,"You are a board-certified radiologist.

You are given a structured context for a chest X-ray:
You are a radiology report generator. Produce a factual, structured chest X-ray report using the following multimodal evidence:

### 1. Image-derived alignment concepts:
airspace opacity, focal opacity, linear atelectasis pattern, prominent pulmonary vasculature, ground glass opacity, clear lung fields, pleural thickening, left perihilar opacity

### 2. GNN disease priors (top predictions):
None

### 3. Knowledge-graph reasoning evidence:
None

### 4. Anatomical context extracted from KG:
None

### TASK:
Generate a complete, clinically accurate radiology report with the following sections:
- Findings
- Impression

Use the evidence above to avoid hallucinations and ensure factual consistency.

TASK:
- Generate a complete, clinically coherent radiology REPORT.
- Include two sections with headings: ""Findings:"" and ""Impression:"".
- Be factual and conservative; rely ONLY on the evidence given above.
- Explicitly mention: heart size, lungs, pleura (effusion/pneumothorax), and bones/other findings.
- Avoid hallucinating new diseases not supported by the evidence.

Return ONLY the report text.",XXXX XXXX and lateral views of the chest were obtained XXXX/XXXX. The lung volumes are low normal. The lungs are clear and there are no pleural effusions. The mediastinum and pulmonary XXXX are normal. The bony elements are not remarkable. No acute cardiopulmonary abnormalities are seen. END OF REPORT.,"**Findings:**  
The chest X-ray demonstrates clear lung fields with no evidence of significant pleural effusion or pneumothorax. There is a left perihilar opacity noted, which may represent a focal opacity. The pulmonary vasculature appears prominent. Additionally, there is a linear atelectasis pattern observed. No ground glass opacity is present, and the heart size is within normal limits. The bony structures are unremarkable with no acute osseous abnormalities identified.

**Impression:**  
The findings suggest a left perihilar opacity with associated prominent pulmonary vasculature and linear atelectasis. There are no signs of pleural effusion or pneumothorax. The heart size is normal, and the lung fields are clear. Further clinical correlation may be warranted to evaluate the significance of the left perihilar opacity."
1109,"You are a board-certified radiologist.

You are given a structured context for a chest X-ray:
You are a radiology report generator. Produce a factual, structured chest X-ray report using the following multimodal evidence:

### 1. Image-derived alignment concepts:
airspace opacity, right lower zone opacity, linear atelectasis pattern, focal opacity, ground glass opacity, clear lung fields, prominent pulmonary vasculature, pleural thickening

### 2. GNN disease priors (top predictions):
None

### 3. Knowledge-graph reasoning evidence:
None

### 4. Anatomical context extracted from KG:
None

### TASK:
Generate a complete, clinically accurate radiology report with the following sections:
- Findings
- Impression

Use the evidence above to avoid hallucinations and ensure factual consistency.

TASK:
- Generate a complete, clinically coherent radiology REPORT.
- Include two sections with headings: ""Findings:"" and ""Impression:"".
- Be factual and conservative; rely ONLY on the evidence given above.
- Explicitly mention: heart size, lungs, pleura (effusion/pneumothorax), and bones/other findings.
- Avoid hallucinating new diseases not supported by the evidence.

Return ONLY the report text.","Heart size and mediastinal contours appear within normal limits. Pulmonary vascularity is within normal limits. No focal consolidation, suspicious pulmonary opacity, pneumothorax or definite pleural effusion. Visualized osseous structures appear intact. No acute cardiopulmonary abnormality.","**Findings:**  
The chest X-ray demonstrates clear lung fields bilaterally with no evidence of effusion or pneumothorax. There is notable airspace opacity in the right lower zone, which may represent a focal opacity. Additionally, a linear atelectasis pattern is observed in the same region. Ground glass opacity is not present. The pulmonary vasculature appears prominent, which may suggest increased blood flow or vascular congestion. The heart size is within normal limits. No significant bony abnormalities are noted.

**Impression:**  
The findings are suggestive of possible right lower lobe pathology, likely related to atelectasis or localized infection, given the airspace opacity and linear atelectasis pattern. The prominent pulmonary vasculature may warrant further clinical correlation. No acute cardiopulmonary processes are identified, and the heart size is normal. Further evaluation may be considered based on clinical context."
1467,"You are a board-certified radiologist.

You are given a structured context for a chest X-ray:
You are a radiology report generator. Produce a factual, structured chest X-ray report using the following multimodal evidence:

### 1. Image-derived alignment concepts:
airspace opacity, linear atelectasis pattern, focal opacity, left perihilar opacity, ground glass opacity, clear lung fields, prominent pulmonary vasculature, right lower zone opacity

### 2. GNN disease priors (top predictions):
None

### 3. Knowledge-graph reasoning evidence:
None

### 4. Anatomical context extracted from KG:
None

### TASK:
Generate a complete, clinically accurate radiology report with the following sections:
- Findings
- Impression

Use the evidence above to avoid hallucinations and ensure factual consistency.

TASK:
- Generate a complete, clinically coherent radiology REPORT.
- Include two sections with headings: ""Findings:"" and ""Impression:"".
- Be factual and conservative; rely ONLY on the evidence given above.
- Explicitly mention: heart size, lungs, pleura (effusion/pneumothorax), and bones/other findings.
- Avoid hallucinating new diseases not supported by the evidence.

Return ONLY the report text.","The lungs are clear bilaterally. Specifically, no evidence of focal consolidation, pneumothorax, or pleural effusion. Cardiomediastinal silhouette is unremarkable. Visualized osseous structures of the thorax are without acute abnormality. No acute cardiopulmonary abnormality.","**Findings:**  
The chest X-ray demonstrates clear lung fields bilaterally with the exception of a focal opacity noted in the right lower zone. There is evidence of airspace opacity and a linear atelectasis pattern in the left perihilar region. Ground glass opacity is also observed in the same area. The pulmonary vasculature appears prominent. The heart size is within normal limits. No pleural effusion or pneumothorax is identified. The bony structures are unremarkable with no acute osseous abnormalities.

**Impression:**  
The findings suggest the presence of a left perihilar opacity with associated ground glass opacity and linear atelectasis, as well as a focal opacity in the right lower zone. These findings may indicate an underlying process such as infection or inflammation. The heart size is normal, and there are no signs of pleural effusion or pneumothorax. Further clinical correlation and possibly additional imaging may be warranted to determine the etiology of the observed opacities."
394,"You are a board-certified radiologist.

You are given a structured context for a chest X-ray:
You are a radiology report generator. Produce a factual, structured chest X-ray report using the following multimodal evidence:

### 1. Image-derived alignment concepts:
right lower zone opacity, pleural thickening, airspace opacity, clear lung fields, enlarged cardiac silhouette, linear atelectasis pattern, blunting of costophrenic angle, elevated hemidiaphragm

### 2. GNN disease priors (top predictions):
None

### 3. Knowledge-graph reasoning evidence:
None

### 4. Anatomical context extracted from KG:
None

### TASK:
Generate a complete, clinically accurate radiology report with the following sections:
- Findings
- Impression

Use the evidence above to avoid hallucinations and ensure factual consistency.

TASK:
- Generate a complete, clinically coherent radiology REPORT.
- Include two sections with headings: ""Findings:"" and ""Impression:"".
- Be factual and conservative; rely ONLY on the evidence given above.
- Explicitly mention: heart size, lungs, pleura (effusion/pneumothorax), and bones/other findings.
- Avoid hallucinating new diseases not supported by the evidence.

Return ONLY the report text.",There is a large airspace opacity in the right lower and middle lobes. There is no pneumothorax. Heart size is normal. Soft tissue and bony structures unremarkable. Multilobar airspace consolidation.,"**Findings:**  
The chest X-ray demonstrates an enlarged cardiac silhouette. The lungs exhibit a right lower zone opacity with associated airspace opacity and linear atelectasis pattern. There is pleural thickening noted, along with blunting of the costophrenic angle, suggesting possible pleural effusion. The left lung fields appear clear, and there is an elevated right hemidiaphragm. No significant bony abnormalities are observed.

**Impression:**  
The findings are suggestive of a right-sided pleural effusion, likely contributing to the observed opacity and blunting of the costophrenic angle. The enlarged cardiac silhouette may indicate cardiomegaly. The linear atelectasis pattern in the right lower zone may be secondary to the effusion. Further clinical correlation and possible ultrasound or CT may be warranted for evaluation of the pleural space."
1581,"You are a board-certified radiologist.

You are given a structured context for a chest X-ray:
You are a radiology report generator. Produce a factual, structured chest X-ray report using the following multimodal evidence:

### 1. Image-derived alignment concepts:
airspace opacity, focal opacity, linear atelectasis pattern, pleural thickening, ground glass opacity, retrocardiac opacity, clear lung fields, left perihilar opacity

### 2. GNN disease priors (top predictions):
None

### 3. Knowledge-graph reasoning evidence:
None

### 4. Anatomical context extracted from KG:
None

### TASK:
Generate a complete, clinically accurate radiology report with the following sections:
- Findings
- Impression

Use the evidence above to avoid hallucinations and ensure factual consistency.

TASK:
- Generate a complete, clinically coherent radiology REPORT.
- Include two sections with headings: ""Findings:"" and ""Impression:"".
- Be factual and conservative; rely ONLY on the evidence given above.
- Explicitly mention: heart size, lungs, pleura (effusion/pneumothorax), and bones/other findings.
- Avoid hallucinating new diseases not supported by the evidence.

Return ONLY the report text.","Cardiomediastinal silhouettes are within normal limits. There are 2 right upper lobe lung nodules, the largest measuring approximately 12 mm. Lungs are without focal consolidation, pneumothorax, or pleural effusion. Bony thorax is unremarkable. Right upper lobe lung nodules. Recommend XXXX.","**Findings:**  
The chest X-ray demonstrates clear lung fields bilaterally with no evidence of significant pleural effusion or pneumothorax. There is a focal opacity noted in the left perihilar region, which may represent an area of consolidation or other pathology. Additionally, a linear atelectasis pattern is observed, suggesting possible volume loss in the affected area. There is no evidence of significant retrocardiac opacity. The heart size appears within normal limits, and the bony structures are unremarkable with no acute osseous abnormalities noted.

**Impression:**  
The findings suggest a focal opacity in the left perihilar region, potentially indicating consolidation or other localized pathology, alongside linear atelectasis. The lungs are otherwise clear, and there are no signs of pleural effusion or pneumothorax. Heart size is normal, and no significant bony abnormalities are present. Further clinical correlation may be warranted based on the patient's symptoms and history."
3793,"You are a board-certified radiologist.

You are given a structured context for a chest X-ray:
You are a radiology report generator. Produce a factual, structured chest X-ray report using the following multimodal evidence:

### 1. Image-derived alignment concepts:
linear atelectasis pattern, clear lung fields, left perihilar opacity, pleural thickening, peribronchial thickening, right lower zone opacity, ground glass opacity, airspace opacity

### 2. GNN disease priors (top predictions):
None

### 3. Knowledge-graph reasoning evidence:
None

### 4. Anatomical context extracted from KG:
None

### TASK:
Generate a complete, clinically accurate radiology report with the following sections:
- Findings
- Impression

Use the evidence above to avoid hallucinations and ensure factual consistency.

TASK:
- Generate a complete, clinically coherent radiology REPORT.
- Include two sections with headings: ""Findings:"" and ""Impression:"".
- Be factual and conservative; rely ONLY on the evidence given above.
- Explicitly mention: heart size, lungs, pleura (effusion/pneumothorax), and bones/other findings.
- Avoid hallucinating new diseases not supported by the evidence.

Return ONLY the report text.",No acute osseous abnormality. Scattered degenerative changes throughout the thoracic spine. Normal heart size. Tortuous and dilated aorta. Chronic interstitial markings. Left base opacity. No pneumothorax or pleural effusion. Left basilar airspace disease.,"**Findings:**  
The heart size is within normal limits. The lungs demonstrate clear lung fields overall, with the exception of a linear atelectasis pattern noted. There is a left perihilar opacity present, along with pleural thickening. Additionally, there is evidence of peribronchial thickening. In the right lower zone, an opacity is observed, and ground glass opacity is also noted in the lung fields. No significant pleural effusion or pneumothorax is identified. The bony structures appear unremarkable with no acute osseous abnormalities.

**Impression:**  
The chest X-ray shows clear lung fields with a linear atelectasis pattern and a left perihilar opacity, which may suggest an underlying process. The presence of pleural thickening and peribronchial thickening may indicate chronic changes. The right lower zone opacity and ground glass opacity warrant further clinical correlation and possible follow-up imaging to assess for any underlying pathology. Overall, no acute findings are noted."
1801,"You are a board-certified radiologist.

You are given a structured context for a chest X-ray:
You are a radiology report generator. Produce a factual, structured chest X-ray report using the following multimodal evidence:

### 1. Image-derived alignment concepts:
airspace opacity, right lower zone opacity, ground glass opacity, linear atelectasis pattern, focal opacity, enlarged cardiac silhouette, left perihilar opacity, clear lung fields

### 2. GNN disease priors (top predictions):
None

### 3. Knowledge-graph reasoning evidence:
None

### 4. Anatomical context extracted from KG:
None

### TASK:
Generate a complete, clinically accurate radiology report with the following sections:
- Findings
- Impression

Use the evidence above to avoid hallucinations and ensure factual consistency.

TASK:
- Generate a complete, clinically coherent radiology REPORT.
- Include two sections with headings: ""Findings:"" and ""Impression:"".
- Be factual and conservative; rely ONLY on the evidence given above.
- Explicitly mention: heart size, lungs, pleura (effusion/pneumothorax), and bones/other findings.
- Avoid hallucinating new diseases not supported by the evidence.

Return ONLY the report text.",Stable mild cardiomegaly. Mediastinal contours are unchanged. Lungs are clear without focal consolidation. No visible pleural effusion or pneumothorax. Stable mild cardiomegaly. Clear lungs.,"**Findings:**  
The chest X-ray demonstrates an enlarged cardiac silhouette. There is notable airspace opacity in the right lower zone, which may suggest an underlying pathology. Additionally, there is a left perihilar opacity observed. Ground glass opacity is present, and a linear atelectasis pattern is noted. The remaining lung fields appear clear, with no evidence of pleural effusion or pneumothorax. The bony structures are unremarkable with no acute osseous abnormalities identified.

**Impression:**  
The findings are suggestive of possible pulmonary pathology in the right lower zone and left perihilar region, with the presence of ground glass opacity and linear atelectasis. The enlarged cardiac silhouette may warrant further clinical correlation. No acute processes such as pleural effusion or pneumothorax are evident. Further evaluation may be necessary based on clinical context."
1184,"You are a board-certified radiologist.

You are given a structured context for a chest X-ray:
You are a radiology report generator. Produce a factual, structured chest X-ray report using the following multimodal evidence:

### 1. Image-derived alignment concepts:
linear atelectasis pattern, airspace opacity, prominent pulmonary vasculature, clear lung fields, healed rib deformity, right lower zone opacity, left perihilar opacity, pleural thickening

### 2. GNN disease priors (top predictions):
None

### 3. Knowledge-graph reasoning evidence:
None

### 4. Anatomical context extracted from KG:
None

### TASK:
Generate a complete, clinically accurate radiology report with the following sections:
- Findings
- Impression

Use the evidence above to avoid hallucinations and ensure factual consistency.

TASK:
- Generate a complete, clinically coherent radiology REPORT.
- Include two sections with headings: ""Findings:"" and ""Impression:"".
- Be factual and conservative; rely ONLY on the evidence given above.
- Explicitly mention: heart size, lungs, pleura (effusion/pneumothorax), and bones/other findings.
- Avoid hallucinating new diseases not supported by the evidence.

Return ONLY the report text.","The heart size and mediastinal contours appear within normal limits. Low lung volumes on the AP view with bronchovascular crowding and bibasilar atelectasis. No focal airspace consolidation, pleural effusions or pneumothorax. No acute bony abnormalities. No acute cardiopulmonary findings.","**Findings:**  
The heart size is within normal limits. The lungs demonstrate clear lung fields bilaterally, with the exception of a right lower zone opacity and a left perihilar opacity. There is a linear atelectasis pattern noted, along with prominent pulmonary vasculature. Pleural thickening is observed, but there is no evidence of effusion or pneumothorax. Additionally, there is a healed rib deformity present.

**Impression:**  
The chest X-ray shows clear lung fields with localized opacities in the right lower zone and left perihilar region, suggestive of possible atelectasis or other localized processes. Prominent pulmonary vasculature may indicate increased blood flow or congestion. Pleural thickening is noted without signs of effusion or pneumothorax. The healed rib deformity is a chronic finding. Overall, no acute disease is identified."
1785,"You are a board-certified radiologist.

You are given a structured context for a chest X-ray:
You are a radiology report generator. Produce a factual, structured chest X-ray report using the following multimodal evidence:

### 1. Image-derived alignment concepts:
focal opacity, airspace opacity, prominent pulmonary vasculature, pleural thickening, linear atelectasis pattern, left perihilar opacity, clear lung fields, ground glass opacity

### 2. GNN disease priors (top predictions):
None

### 3. Knowledge-graph reasoning evidence:
None

### 4. Anatomical context extracted from KG:
None

### TASK:
Generate a complete, clinically accurate radiology report with the following sections:
- Findings
- Impression

Use the evidence above to avoid hallucinations and ensure factual consistency.

TASK:
- Generate a complete, clinically coherent radiology REPORT.
- Include two sections with headings: ""Findings:"" and ""Impression:"".
- Be factual and conservative; rely ONLY on the evidence given above.
- Explicitly mention: heart size, lungs, pleura (effusion/pneumothorax), and bones/other findings.
- Avoid hallucinating new diseases not supported by the evidence.

Return ONLY the report text.",Cardiac and mediastinal contours are within normal limits. Granulomatous calcifications in the paratracheal region. Mild streaky scarring in the right upper lobe. No active pneumonia. Bony structures are intact. No lobar pneumonia is present.,"**Findings:**  
The chest X-ray demonstrates clear lung fields with no evidence of significant airspace disease. There is a focal opacity noted in the left perihilar region, which may represent a localized process. Prominent pulmonary vasculature is observed, suggesting increased vascularity. Additionally, there is pleural thickening present, but no pleural effusion or pneumothorax is identified. A linear atelectasis pattern is noted, which may indicate some degree of volume loss in the affected area. Ground glass opacity is not present. The heart size appears within normal limits. The bony structures are unremarkable with no acute osseous abnormalities.

**Impression:**  
The chest X-ray shows a focal opacity in the left perihilar region with associated prominent pulmonary vasculature and pleural thickening. There is evidence of linear atelectasis, but the lung fields are otherwise clear. No significant pleural effusion or pneumothorax is observed. Heart size is normal. Further clinical correlation may be warranted to evaluate the significance of the left perihilar opacity."
445,"You are a board-certified radiologist.

You are given a structured context for a chest X-ray:
You are a radiology report generator. Produce a factual, structured chest X-ray report using the following multimodal evidence:

### 1. Image-derived alignment concepts:
linear atelectasis pattern, airspace opacity, clear lung fields, pleural thickening, ground glass opacity, focal opacity, right lower zone opacity, enlarged cardiac silhouette

### 2. GNN disease priors (top predictions):
None

### 3. Knowledge-graph reasoning evidence:
None

### 4. Anatomical context extracted from KG:
None

### TASK:
Generate a complete, clinically accurate radiology report with the following sections:
- Findings
- Impression

Use the evidence above to avoid hallucinations and ensure factual consistency.

TASK:
- Generate a complete, clinically coherent radiology REPORT.
- Include two sections with headings: ""Findings:"" and ""Impression:"".
- Be factual and conservative; rely ONLY on the evidence given above.
- Explicitly mention: heart size, lungs, pleura (effusion/pneumothorax), and bones/other findings.
- Avoid hallucinating new diseases not supported by the evidence.

Return ONLY the report text.",Heart size is normal and lungs are clear.,"**Findings:**  
The chest X-ray demonstrates a clear visualization of the lung fields with no evidence of significant pleural effusion or pneumothorax. There is a linear atelectasis pattern noted, particularly in the right lower zone, accompanied by focal opacity in the same region. Additionally, there is airspace opacity present, which may suggest an underlying process. Ground glass opacity is also observed, although it is not extensive. The cardiac silhouette appears enlarged, which may warrant further evaluation. No acute bony abnormalities are identified.

**Impression:**  
1. Linear atelectasis pattern and focal opacity in the right lower zone, suggestive of possible underlying pathology.  
2. Airspace opacity and ground glass opacity noted, requiring clinical correlation.  
3. Enlarged cardiac silhouette, which may indicate cardiomegaly or other cardiac conditions.  
4. Clear lung fields otherwise, with no evidence of pleural effusion or pneumothorax.  
5. No significant bony abnormalities observed."
197,"You are a board-certified radiologist.

You are given a structured context for a chest X-ray:
You are a radiology report generator. Produce a factual, structured chest X-ray report using the following multimodal evidence:

### 1. Image-derived alignment concepts:
airspace opacity, prominent pulmonary vasculature, clear lung fields, linear atelectasis pattern, pleural thickening, left perihilar opacity, focal opacity, peribronchial thickening

### 2. GNN disease priors (top predictions):
None

### 3. Knowledge-graph reasoning evidence:
None

### 4. Anatomical context extracted from KG:
None

### TASK:
Generate a complete, clinically accurate radiology report with the following sections:
- Findings
- Impression

Use the evidence above to avoid hallucinations and ensure factual consistency.

TASK:
- Generate a complete, clinically coherent radiology REPORT.
- Include two sections with headings: ""Findings:"" and ""Impression:"".
- Be factual and conservative; rely ONLY on the evidence given above.
- Explicitly mention: heart size, lungs, pleura (effusion/pneumothorax), and bones/other findings.
- Avoid hallucinating new diseases not supported by the evidence.

Return ONLY the report text.",The cardiomediastinal silhouette is normal. Lungs are hyperexpanded but clear without evidence of effusion or infiltrate. There is a small right lower lobe calcified granuloma that is unchanged from prior examinations. No acute bony abnormality. No pneumothorax or pneumomediastinum. 1. Hyperexpanded lungs.,"**Findings:**  
The heart size is within normal limits. The lungs demonstrate clear lung fields bilaterally, with no evidence of effusion or pneumothorax. There is a prominent pulmonary vasculature noted. A linear atelectasis pattern is observed, along with peribronchial thickening. Additionally, there is a left perihilar opacity and focal opacity present. Pleural thickening is also noted. No significant abnormalities are seen in the bones or other structures.

**Impression:**  
The chest X-ray shows clear lung fields with prominent pulmonary vasculature. The presence of linear atelectasis, peribronchial thickening, and left perihilar opacity may suggest underlying pathology that warrants further clinical correlation. Pleural thickening is noted, but there is no evidence of effusion or pneumothorax. Overall, the findings are nonspecific and should be interpreted in the context of the patient's clinical presentation."
2134,"You are a board-certified radiologist.

You are given a structured context for a chest X-ray:
You are a radiology report generator. Produce a factual, structured chest X-ray report using the following multimodal evidence:

### 1. Image-derived alignment concepts:
airspace opacity, pleural thickening, focal opacity, enlarged cardiac silhouette, prominent pulmonary vasculature, linear atelectasis pattern, clear lung fields, left perihilar opacity

### 2. GNN disease priors (top predictions):
None

### 3. Knowledge-graph reasoning evidence:
None

### 4. Anatomical context extracted from KG:
None

### TASK:
Generate a complete, clinically accurate radiology report with the following sections:
- Findings
- Impression

Use the evidence above to avoid hallucinations and ensure factual consistency.

TASK:
- Generate a complete, clinically coherent radiology REPORT.
- Include two sections with headings: ""Findings:"" and ""Impression:"".
- Be factual and conservative; rely ONLY on the evidence given above.
- Explicitly mention: heart size, lungs, pleura (effusion/pneumothorax), and bones/other findings.
- Avoid hallucinating new diseases not supported by the evidence.

Return ONLY the report text.",Slightly hyperinflated appearing but clear lungs. Mediastinal contour within normal limits. No acute cardiopulmonary abnormality identified.,"**Findings:**  
The chest X-ray demonstrates an enlarged cardiac silhouette. The lungs appear clear overall, with no significant airspace opacity or pleural effusion noted. However, there is a left perihilar opacity that may suggest a focal opacity in that region. Prominent pulmonary vasculature is observed, and there is a linear atelectasis pattern present. No pleural thickening or pneumothorax is identified. The bony structures are unremarkable with no acute osseous abnormalities.

**Impression:**  
The findings suggest an enlarged cardiac silhouette with prominent pulmonary vasculature. The left perihilar opacity may warrant further evaluation to rule out any underlying pathology. The lungs are otherwise clear, and there are no signs of pleural effusion or pneumothorax. The linear atelectasis pattern may indicate some degree of volume loss but is not acute in nature. Overall, the findings are suggestive of potential cardiac enlargement and should be correlated clinically."
3304,"You are a board-certified radiologist.

You are given a structured context for a chest X-ray:
You are a radiology report generator. Produce a factual, structured chest X-ray report using the following multimodal evidence:

### 1. Image-derived alignment concepts:
airspace opacity, pleural thickening, focal opacity, ground glass opacity, linear atelectasis pattern, peribronchial thickening, prominent pulmonary vasculature, right lower zone opacity

### 2. GNN disease priors (top predictions):
None

### 3. Knowledge-graph reasoning evidence:
None

### 4. Anatomical context extracted from KG:
None

### TASK:
Generate a complete, clinically accurate radiology report with the following sections:
- Findings
- Impression

Use the evidence above to avoid hallucinations and ensure factual consistency.

TASK:
- Generate a complete, clinically coherent radiology REPORT.
- Include two sections with headings: ""Findings:"" and ""Impression:"".
- Be factual and conservative; rely ONLY on the evidence given above.
- Explicitly mention: heart size, lungs, pleura (effusion/pneumothorax), and bones/other findings.
- Avoid hallucinating new diseases not supported by the evidence.

Return ONLY the report text.","The cardiomediastinal silhouette is normal size and configuration. Pulmonary vasculature within normal limits. The lungs are well-aerated. There is no pneumothorax, pleural effusion, or focal consolidation. There is levoscoliosis of the thoracic spine. No acute cardiopulmonary disease. .","**Findings:**  
The heart size is within normal limits. The lungs demonstrate areas of airspace opacity, particularly noted in the right lower zone, which may suggest an underlying process such as infection or consolidation. There is also evidence of ground glass opacity and a linear atelectasis pattern present. Additionally, there is peribronchial thickening and prominent pulmonary vasculature observed. No pleural effusion or pneumothorax is identified. The pleura appear intact. The bony structures are unremarkable with no acute osseous abnormalities noted.

**Impression:**  
The chest X-ray findings are suggestive of possible infectious or inflammatory processes in the right lower zone, characterized by airspace opacity and ground glass opacity. The presence of linear atelectasis and peribronchial thickening may indicate bronchial involvement. No significant pleural disease is observed. Further clinical correlation and possibly additional imaging may be warranted to elucidate the underlying cause of these findings."
672,"You are a board-certified radiologist.

You are given a structured context for a chest X-ray:
You are a radiology report generator. Produce a factual, structured chest X-ray report using the following multimodal evidence:

### 1. Image-derived alignment concepts:
airspace opacity, enlarged cardiac silhouette, prominent pulmonary vasculature, left perihilar opacity, diffuse increased density, clear lung fields, right lower zone opacity, pleural thickening

### 2. GNN disease priors (top predictions):
None

### 3. Knowledge-graph reasoning evidence:
None

### 4. Anatomical context extracted from KG:
None

### TASK:
Generate a complete, clinically accurate radiology report with the following sections:
- Findings
- Impression

Use the evidence above to avoid hallucinations and ensure factual consistency.

TASK:
- Generate a complete, clinically coherent radiology REPORT.
- Include two sections with headings: ""Findings:"" and ""Impression:"".
- Be factual and conservative; rely ONLY on the evidence given above.
- Explicitly mention: heart size, lungs, pleura (effusion/pneumothorax), and bones/other findings.
- Avoid hallucinating new diseases not supported by the evidence.

Return ONLY the report text.",1. Vascular congestion and diffuse interstitial edema 2. Stable cardiomegaly 3. Low lung volumes,"**Findings:**  
The chest X-ray demonstrates an enlarged cardiac silhouette. There is prominent pulmonary vasculature noted throughout the lung fields. The left perihilar region shows an opacity, and there is a right lower zone opacity present. Diffuse increased density is observed in the lung fields; however, the lung fields are otherwise clear. Additionally, there is evidence of pleural thickening. No significant abnormalities are noted in the bones or other structures.

**Impression:**  
The findings suggest possible congestive heart failure or other causes of cardiomegaly, given the enlarged cardiac silhouette and prominent pulmonary vasculature. The left perihilar opacity and right lower zone opacity may indicate localized pathology, potentially related to infection or inflammation. The diffuse increased density could suggest interstitial edema or other processes affecting lung parenchyma. The pleural thickening may indicate a chronic process. Further clinical correlation and possibly additional imaging may be warranted for a definitive diagnosis."
1776,"You are a board-certified radiologist.

You are given a structured context for a chest X-ray:
You are a radiology report generator. Produce a factual, structured chest X-ray report using the following multimodal evidence:

### 1. Image-derived alignment concepts:
prominent pulmonary vasculature, left perihilar opacity, airspace opacity, focal opacity, linear atelectasis pattern, clear lung fields, pleural thickening, enlarged cardiac silhouette

### 2. GNN disease priors (top predictions):
None

### 3. Knowledge-graph reasoning evidence:
None

### 4. Anatomical context extracted from KG:
None

### TASK:
Generate a complete, clinically accurate radiology report with the following sections:
- Findings
- Impression

Use the evidence above to avoid hallucinations and ensure factual consistency.

TASK:
- Generate a complete, clinically coherent radiology REPORT.
- Include two sections with headings: ""Findings:"" and ""Impression:"".
- Be factual and conservative; rely ONLY on the evidence given above.
- Explicitly mention: heart size, lungs, pleura (effusion/pneumothorax), and bones/other findings.
- Avoid hallucinating new diseases not supported by the evidence.

Return ONLY the report text.",Heart size and mediastinal contours are stable. Pulmonary vasculature is unremarkable. No focal consolidation. No visible pleural effusion or pneumothorax. No displaced rib fractures are seen. There are mild degenerative changes along the thoracic spine. No acute cardiopulmonary abnormality.,"**Findings:**  
The chest X-ray demonstrates prominent pulmonary vasculature. There is a left perihilar opacity noted, which may represent an airspace opacity or focal opacity. A linear atelectasis pattern is observed, but the lung fields are otherwise clear. There is pleural thickening present, and the cardiac silhouette appears enlarged. No evidence of pleural effusion or pneumothorax is identified. The bony structures are unremarkable.

**Impression:**  
The findings suggest possible left-sided pulmonary pathology, including potential consolidation or atelectasis, with associated pleural thickening. The enlarged cardiac silhouette may warrant further evaluation. No acute processes such as effusion or pneumothorax are evident. Clinical correlation is recommended for the left perihilar opacity and enlarged heart size."
2968,"You are a board-certified radiologist.

You are given a structured context for a chest X-ray:
You are a radiology report generator. Produce a factual, structured chest X-ray report using the following multimodal evidence:

### 1. Image-derived alignment concepts:
airspace opacity, linear atelectasis pattern, ground glass opacity, clear lung fields, pleural thickening, focal opacity, right lower zone opacity, prominent pulmonary vasculature

### 2. GNN disease priors (top predictions):
None

### 3. Knowledge-graph reasoning evidence:
None

### 4. Anatomical context extracted from KG:
None

### TASK:
Generate a complete, clinically accurate radiology report with the following sections:
- Findings
- Impression

Use the evidence above to avoid hallucinations and ensure factual consistency.

TASK:
- Generate a complete, clinically coherent radiology REPORT.
- Include two sections with headings: ""Findings:"" and ""Impression:"".
- Be factual and conservative; rely ONLY on the evidence given above.
- Explicitly mention: heart size, lungs, pleura (effusion/pneumothorax), and bones/other findings.
- Avoid hallucinating new diseases not supported by the evidence.

Return ONLY the report text.","Right paratracheal stripe is denser and XXXX than normal. The XXXX are normal. Heart size normal. Lungs clear and expanded with no infiltrates. Right paratracheal mass, possibly lymphadenopathy. If there are no previous chest x-XXXX from elsewhere are XXXX scan with contrast XXXX be of further XXXX. Dr. XXXX XXXX I discussed these findings in the XXXX Department approximately XXXX hours XXXX, XXXX.","**Findings:**  
The chest X-ray demonstrates clear lung fields with no evidence of significant pleural effusion or pneumothorax. There is a noted right lower zone opacity, which may represent focal opacity or airspace opacity. Additionally, a linear atelectasis pattern is observed. Ground glass opacity is not present. The pulmonary vasculature appears prominent, but heart size is within normal limits. No bony abnormalities are identified.

**Impression:**  
The findings suggest the presence of a right lower zone opacity, potentially indicating an infectious or inflammatory process. The linear atelectasis pattern may be contributing to the observed opacity. The prominent pulmonary vasculature is noted, but there are no signs of heart enlargement. Overall, the lungs are clear without evidence of effusion or pneumothorax. Further clinical correlation may be warranted based on the patient's symptoms and history."
2400,"You are a board-certified radiologist.

You are given a structured context for a chest X-ray:
You are a radiology report generator. Produce a factual, structured chest X-ray report using the following multimodal evidence:

### 1. Image-derived alignment concepts:
enlarged cardiac silhouette, airspace opacity, pleural thickening, prominent pulmonary vasculature, right lower zone opacity, clear lung fields, left perihilar opacity, focal opacity

### 2. GNN disease priors (top predictions):
None

### 3. Knowledge-graph reasoning evidence:
None

### 4. Anatomical context extracted from KG:
None

### TASK:
Generate a complete, clinically accurate radiology report with the following sections:
- Findings
- Impression

Use the evidence above to avoid hallucinations and ensure factual consistency.

TASK:
- Generate a complete, clinically coherent radiology REPORT.
- Include two sections with headings: ""Findings:"" and ""Impression:"".
- Be factual and conservative; rely ONLY on the evidence given above.
- Explicitly mention: heart size, lungs, pleura (effusion/pneumothorax), and bones/other findings.
- Avoid hallucinating new diseases not supported by the evidence.

Return ONLY the report text.",Stable cardiomegaly with large hiatal hernia. The lungs are clear,"**Findings:**  
The chest X-ray demonstrates an enlarged cardiac silhouette. There is notable airspace opacity in the right lower zone, accompanied by pleural thickening. The pulmonary vasculature appears prominent. The left perihilar region shows focal opacity. The remaining lung fields are clear. No evidence of pleural effusion or pneumothorax is observed. The bony structures are unremarkable with no acute osseous abnormalities noted.

**Impression:**  
The findings suggest cardiomegaly with associated right lower lobe opacity, which may indicate an infectious or inflammatory process. The pleural thickening could suggest chronic changes. The prominent pulmonary vasculature may indicate increased blood flow or pressure. Further clinical correlation and possible follow-up imaging may be warranted to evaluate the right lower zone opacity and pleural thickening."
53,"You are a board-certified radiologist.

You are given a structured context for a chest X-ray:
You are a radiology report generator. Produce a factual, structured chest X-ray report using the following multimodal evidence:

### 1. Image-derived alignment concepts:
enlarged cardiac silhouette, pleural thickening, right lower zone opacity, retrocardiac opacity, elevated hemidiaphragm, airspace opacity, linear atelectasis pattern, focal opacity

### 2. GNN disease priors (top predictions):
None

### 3. Knowledge-graph reasoning evidence:
None

### 4. Anatomical context extracted from KG:
None

### TASK:
Generate a complete, clinically accurate radiology report with the following sections:
- Findings
- Impression

Use the evidence above to avoid hallucinations and ensure factual consistency.

TASK:
- Generate a complete, clinically coherent radiology REPORT.
- Include two sections with headings: ""Findings:"" and ""Impression:"".
- Be factual and conservative; rely ONLY on the evidence given above.
- Explicitly mention: heart size, lungs, pleura (effusion/pneumothorax), and bones/other findings.
- Avoid hallucinating new diseases not supported by the evidence.

Return ONLY the report text.","There extremely low lung volumes. there is right basilar opacity. There is no pneumothorax. There is no large pleural effusion. Cardiac silhouette and mediastinal contours are within normal limits. Low lung volumes with right basilar atelectasis. Otherwise, no acute cardiopulmonary disease.","**Findings:**  
The chest X-ray demonstrates an enlarged cardiac silhouette, suggesting cardiomegaly. There is pleural thickening noted, particularly in the right lower zone, where a focal opacity is also observed. Additionally, there is a retrocardiac opacity present. The right hemidiaphragm appears elevated, and there is evidence of airspace opacity along with a linear atelectasis pattern in the right lung. No significant abnormalities are noted in the bones or other structures.

**Impression:**  
The findings are consistent with an enlarged cardiac silhouette indicative of possible cardiomegaly. The pleural thickening and right lower zone opacity may suggest an underlying process such as infection or inflammation. The elevated right hemidiaphragm and linear atelectasis pattern could indicate a restrictive process or volume loss in the right lung. Further clinical correlation and potential follow-up imaging may be warranted to assess the underlying causes of these findings."
3770,"You are a board-certified radiologist.

You are given a structured context for a chest X-ray:
You are a radiology report generator. Produce a factual, structured chest X-ray report using the following multimodal evidence:

### 1. Image-derived alignment concepts:
linear atelectasis pattern, airspace opacity, prominent pulmonary vasculature, left perihilar opacity, clear lung fields, focal opacity, ground glass opacity, pleural thickening

### 2. GNN disease priors (top predictions):
None

### 3. Knowledge-graph reasoning evidence:
None

### 4. Anatomical context extracted from KG:
None

### TASK:
Generate a complete, clinically accurate radiology report with the following sections:
- Findings
- Impression

Use the evidence above to avoid hallucinations and ensure factual consistency.

TASK:
- Generate a complete, clinically coherent radiology REPORT.
- Include two sections with headings: ""Findings:"" and ""Impression:"".
- Be factual and conservative; rely ONLY on the evidence given above.
- Explicitly mention: heart size, lungs, pleura (effusion/pneumothorax), and bones/other findings.
- Avoid hallucinating new diseases not supported by the evidence.

Return ONLY the report text.","Lungs are clear. No pleural effusions or pneumothoraces. Heart and mediastinum of normal size and contour. Degenerative changes in the spine. No focal lung opacity, pleural effusion of pneumothorax.","**Findings:**  
The chest X-ray demonstrates clear lung fields bilaterally with no evidence of significant pleural effusion or pneumothorax. There is a linear atelectasis pattern noted, along with a focal opacity in the left perihilar region. Prominent pulmonary vasculature is observed, and there are areas of airspace opacity and ground glass opacity present. Pleural thickening is also noted. The heart size appears within normal limits. No acute bony abnormalities are identified.

**Impression:**  
The findings suggest the presence of linear atelectasis and focal opacity in the left perihilar region, with associated prominent pulmonary vasculature. Ground glass opacity and pleural thickening may indicate underlying pathology, but no acute disease is evident. The heart size is normal, and there are no significant pleural effusions or pneumothorax. Further clinical correlation may be warranted based on the patient's symptoms and history."
1526,"You are a board-certified radiologist.

You are given a structured context for a chest X-ray:
You are a radiology report generator. Produce a factual, structured chest X-ray report using the following multimodal evidence:

### 1. Image-derived alignment concepts:
airspace opacity, prominent pulmonary vasculature, clear lung fields, focal opacity, right lower zone opacity, ground glass opacity, left perihilar opacity, linear atelectasis pattern

### 2. GNN disease priors (top predictions):
None

### 3. Knowledge-graph reasoning evidence:
None

### 4. Anatomical context extracted from KG:
None

### TASK:
Generate a complete, clinically accurate radiology report with the following sections:
- Findings
- Impression

Use the evidence above to avoid hallucinations and ensure factual consistency.

TASK:
- Generate a complete, clinically coherent radiology REPORT.
- Include two sections with headings: ""Findings:"" and ""Impression:"".
- Be factual and conservative; rely ONLY on the evidence given above.
- Explicitly mention: heart size, lungs, pleura (effusion/pneumothorax), and bones/other findings.
- Avoid hallucinating new diseases not supported by the evidence.

Return ONLY the report text.",No focal consolidation. No visualized pneumothorax. No large pleural effusions. The heart size and cardiomediastinal silhouette is grossly unremarkable. There is motion artifact on the lateral radiograph. 1. No acute cardiopulmonary findings.,"**Findings:**  
The chest X-ray demonstrates clear lung fields bilaterally with no evidence of significant pleural effusion or pneumothorax. There is a prominent pulmonary vasculature noted, which may suggest increased blood flow or congestion. Focal opacity is observed in the right lower zone, alongside a linear atelectasis pattern. Additionally, there is ground glass opacity present in the left perihilar region. The heart size appears within normal limits, and there are no acute bony abnormalities identified.

**Impression:**  
The findings suggest the presence of focal opacity in the right lower zone, potentially indicative of an infectious or inflammatory process, alongside ground glass opacity in the left perihilar region. The prominent pulmonary vasculature may suggest underlying vascular congestion. No significant pleural effusion or pneumothorax is noted. Further clinical correlation and possibly additional imaging may be warranted to evaluate the focal opacity and ground glass changes."
454,"You are a board-certified radiologist.

You are given a structured context for a chest X-ray:
You are a radiology report generator. Produce a factual, structured chest X-ray report using the following multimodal evidence:

### 1. Image-derived alignment concepts:
enlarged cardiac silhouette, clear lung fields, linear atelectasis pattern, left perihilar opacity, right lower zone opacity, airspace opacity, prominent pulmonary vasculature, ground glass opacity

### 2. GNN disease priors (top predictions):
None

### 3. Knowledge-graph reasoning evidence:
None

### 4. Anatomical context extracted from KG:
None

### TASK:
Generate a complete, clinically accurate radiology report with the following sections:
- Findings
- Impression

Use the evidence above to avoid hallucinations and ensure factual consistency.

TASK:
- Generate a complete, clinically coherent radiology REPORT.
- Include two sections with headings: ""Findings:"" and ""Impression:"".
- Be factual and conservative; rely ONLY on the evidence given above.
- Explicitly mention: heart size, lungs, pleura (effusion/pneumothorax), and bones/other findings.
- Avoid hallucinating new diseases not supported by the evidence.

Return ONLY the report text.",There is stable mild cardiac enlargement. Lungs are clear. There is no pleural line to suggest pneumothorax or costophrenic XXXX blunting to suggest large pleural effusion. Bony structures are within normal limits. Stable mild cardiomegaly. No acute cardiopulmonary findings.,"**Findings:**  
The cardiac silhouette is enlarged. The lung fields are clear overall, but there is a linear atelectasis pattern noted. There is a left perihilar opacity and an opacity in the right lower zone, suggestive of airspace involvement. Prominent pulmonary vasculature is observed. Additionally, ground glass opacity is present. No pleural effusion or pneumothorax is identified. The bony structures appear unremarkable with no acute osseous abnormalities noted.

**Impression:**  
Enlarged cardiac silhouette with clear lung fields, linear atelectasis, and bilateral opacities (left perihilar and right lower zone) indicating possible airspace disease. Prominent pulmonary vasculature and ground glass opacity may suggest underlying pathology. No evidence of pleural effusion or pneumothorax. Further clinical correlation may be warranted."
648,"You are a board-certified radiologist.

You are given a structured context for a chest X-ray:
You are a radiology report generator. Produce a factual, structured chest X-ray report using the following multimodal evidence:

### 1. Image-derived alignment concepts:
airspace opacity, prominent pulmonary vasculature, clear lung fields, linear atelectasis pattern, left perihilar opacity, focal opacity, ground glass opacity, pleural thickening

### 2. GNN disease priors (top predictions):
None

### 3. Knowledge-graph reasoning evidence:
None

### 4. Anatomical context extracted from KG:
None

### TASK:
Generate a complete, clinically accurate radiology report with the following sections:
- Findings
- Impression

Use the evidence above to avoid hallucinations and ensure factual consistency.

TASK:
- Generate a complete, clinically coherent radiology REPORT.
- Include two sections with headings: ""Findings:"" and ""Impression:"".
- Be factual and conservative; rely ONLY on the evidence given above.
- Explicitly mention: heart size, lungs, pleura (effusion/pneumothorax), and bones/other findings.
- Avoid hallucinating new diseases not supported by the evidence.

Return ONLY the report text.","Cardiomediastinal size and contour is grossly normal for AP technique. There is a calcified granuloma in the right lower lobe. The lungs are mildly hypoinflated but grossly clear of focal airspace disease, pneumothorax or pleural effusion. No acute, displaced fractures are demonstrated. No acute findings. .","**Findings:**  
The heart size is within normal limits. The lungs demonstrate clear lung fields with no evidence of significant airspace opacity. However, there is a prominent pulmonary vasculature noted. A linear atelectasis pattern is observed, and there is a left perihilar opacity present. Additionally, focal opacity and ground glass opacity are noted in the left lung region. Pleural thickening is also observed, but there are no signs of pleural effusion or pneumothorax. The bony structures appear unremarkable with no acute osseous abnormalities.

**Impression:**  
The chest X-ray shows clear lung fields with prominent pulmonary vasculature and evidence of linear atelectasis. The left perihilar opacity, along with focal and ground glass opacities, may suggest localized pathology. Pleural thickening is noted without associated effusion or pneumothorax. Overall, the findings warrant further clinical correlation and possible follow-up imaging to evaluate the left lung abnormalities."
191,"You are a board-certified radiologist.

You are given a structured context for a chest X-ray:
You are a radiology report generator. Produce a factual, structured chest X-ray report using the following multimodal evidence:

### 1. Image-derived alignment concepts:
airspace opacity, left perihilar opacity, linear atelectasis pattern, prominent pulmonary vasculature, focal opacity, ground glass opacity, aortic calcification, clear lung fields

### 2. GNN disease priors (top predictions):
None

### 3. Knowledge-graph reasoning evidence:
None

### 4. Anatomical context extracted from KG:
None

### TASK:
Generate a complete, clinically accurate radiology report with the following sections:
- Findings
- Impression

Use the evidence above to avoid hallucinations and ensure factual consistency.

TASK:
- Generate a complete, clinically coherent radiology REPORT.
- Include two sections with headings: ""Findings:"" and ""Impression:"".
- Be factual and conservative; rely ONLY on the evidence given above.
- Explicitly mention: heart size, lungs, pleura (effusion/pneumothorax), and bones/other findings.
- Avoid hallucinating new diseases not supported by the evidence.

Return ONLY the report text.",The heart is normal in size. The pulmonary vascularity is within normal limits in appearance. No focal air space opacities. No pleural effusions or pneumothorax. No acute bony abnormalities. No acute cardiopulmonary abnormalities.,"**Findings:**  
The chest X-ray demonstrates clear lung fields bilaterally with no evidence of pleural effusion or pneumothorax. There is a left perihilar opacity noted, which may represent an area of airspace opacity. Additionally, a linear atelectasis pattern is observed. The pulmonary vasculature appears prominent. There is no significant focal opacity or ground glass opacity identified. The heart size is within normal limits. Aortic calcification is present, but no other bony abnormalities are noted.

**Impression:**  
The findings suggest a left perihilar opacity with associated linear atelectasis, likely indicating a localized process. The prominent pulmonary vasculature may suggest increased blood flow or congestion. No acute cardiopulmonary pathology is evident, and the heart size is normal. Aortic calcification is noted, which is consistent with age-related changes. Overall, the lungs are clear without evidence of effusion or pneumothorax. Further clinical correlation may be warranted based on the patient's symptoms and history."
1924,"You are a board-certified radiologist.

You are given a structured context for a chest X-ray:
You are a radiology report generator. Produce a factual, structured chest X-ray report using the following multimodal evidence:

### 1. Image-derived alignment concepts:
linear atelectasis pattern, airspace opacity, pleural thickening, healed rib deformity, right lower zone opacity, prominent pulmonary vasculature, clear lung fields, enlarged cardiac silhouette

### 2. GNN disease priors (top predictions):
None

### 3. Knowledge-graph reasoning evidence:
None

### 4. Anatomical context extracted from KG:
None

### TASK:
Generate a complete, clinically accurate radiology report with the following sections:
- Findings
- Impression

Use the evidence above to avoid hallucinations and ensure factual consistency.

TASK:
- Generate a complete, clinically coherent radiology REPORT.
- Include two sections with headings: ""Findings:"" and ""Impression:"".
- Be factual and conservative; rely ONLY on the evidence given above.
- Explicitly mention: heart size, lungs, pleura (effusion/pneumothorax), and bones/other findings.
- Avoid hallucinating new diseases not supported by the evidence.

Return ONLY the report text.","Rotated apical lordotic frontal projection, mild bronchovascular crowding and scattered chronic appearing irregular interstitial markings. No definite focal alveolar consolidation or pleural effusion seen. Accounting for technical factors heart size XXXX within normal limits, heavily calcified and mildly tortuous aorta. No typical findings of pulmonary edema. Limited quality exam shows no definite acute findings.","**Findings:**  
The chest X-ray demonstrates a prominent cardiac silhouette, suggestive of an enlarged heart. The lungs appear clear overall, with the exception of a linear atelectasis pattern noted in the right lower zone, accompanied by airspace opacity in the same region. There is evidence of pleural thickening, but no significant pleural effusion or pneumothorax is observed. Additionally, there is a healed rib deformity present, which does not appear to be acute. The pulmonary vasculature is prominent, indicating possible increased vascularity.

**Impression:**  
1. Enlarged cardiac silhouette, warranting further clinical correlation to assess for potential underlying cardiac conditions.  
2. Linear atelectasis and airspace opacity in the right lower zone, which may suggest localized lung pathology.  
3. Pleural thickening without evidence of effusion or pneumothorax.  
4. Healed rib deformity, likely of no acute clinical significance.  
5. Prominent pulmonary vasculature, which may require further evaluation depending on clinical context."
791,"You are a board-certified radiologist.

You are given a structured context for a chest X-ray:
You are a radiology report generator. Produce a factual, structured chest X-ray report using the following multimodal evidence:

### 1. Image-derived alignment concepts:
prominent pulmonary vasculature, linear atelectasis pattern, airspace opacity, clear lung fields, left perihilar opacity, ground glass opacity, focal opacity, pleural thickening

### 2. GNN disease priors (top predictions):
None

### 3. Knowledge-graph reasoning evidence:
None

### 4. Anatomical context extracted from KG:
None

### TASK:
Generate a complete, clinically accurate radiology report with the following sections:
- Findings
- Impression

Use the evidence above to avoid hallucinations and ensure factual consistency.

TASK:
- Generate a complete, clinically coherent radiology REPORT.
- Include two sections with headings: ""Findings:"" and ""Impression:"".
- Be factual and conservative; rely ONLY on the evidence given above.
- Explicitly mention: heart size, lungs, pleura (effusion/pneumothorax), and bones/other findings.
- Avoid hallucinating new diseases not supported by the evidence.

Return ONLY the report text.",Stable cardiomediastinal silhouette. Tortuous aorta. The lungs are clear bilaterally. No large pleural effusion or pneumothorax. The XXXX are intact. No acute cardiopulmonary abnormalities.,"**Findings:**  
The heart size is within normal limits. The lungs demonstrate prominent pulmonary vasculature with clear lung fields overall. There is a linear atelectasis pattern noted, along with areas of airspace opacity and focal opacity in the left perihilar region. Ground glass opacity is also present. Pleural thickening is observed, but there is no evidence of pleural effusion or pneumothorax. The bony structures appear unremarkable with no acute osseous abnormalities identified.

**Impression:**  
The findings suggest the presence of linear atelectasis and focal opacity in the left perihilar region, with associated ground glass opacity. The prominent pulmonary vasculature may indicate increased blood flow or congestion. Pleural thickening is noted without effusion or pneumothorax. Overall, these findings warrant further clinical correlation and possible follow-up imaging to assess for any underlying pathology."
264,"You are a board-certified radiologist.

You are given a structured context for a chest X-ray:
You are a radiology report generator. Produce a factual, structured chest X-ray report using the following multimodal evidence:

### 1. Image-derived alignment concepts:
linear atelectasis pattern, prominent pulmonary vasculature, enlarged cardiac silhouette, left perihilar opacity, airspace opacity, clear lung fields, aortic calcification, retrocardiac opacity

### 2. GNN disease priors (top predictions):
None

### 3. Knowledge-graph reasoning evidence:
None

### 4. Anatomical context extracted from KG:
None

### TASK:
Generate a complete, clinically accurate radiology report with the following sections:
- Findings
- Impression

Use the evidence above to avoid hallucinations and ensure factual consistency.

TASK:
- Generate a complete, clinically coherent radiology REPORT.
- Include two sections with headings: ""Findings:"" and ""Impression:"".
- Be factual and conservative; rely ONLY on the evidence given above.
- Explicitly mention: heart size, lungs, pleura (effusion/pneumothorax), and bones/other findings.
- Avoid hallucinating new diseases not supported by the evidence.

Return ONLY the report text.","Heart XXXX, mediastinum, XXXX, bony structures and lung XXXX are unremarkable. No significant interval change compared to prior study, no XXXX infiltrates noted. No radiographic evidence of acute cardiopulmonary disease","**Findings:**  
The chest X-ray demonstrates a linear atelectasis pattern in the left lung. There is a prominent pulmonary vasculature noted throughout the lung fields. The cardiac silhouette appears enlarged. A left perihilar opacity is present, along with airspace opacity in the left lung. The remaining lung fields are clear. There is evidence of aortic calcification. Additionally, a retrocardiac opacity is observed. No pleural effusion or pneumothorax is identified. The bony structures appear unremarkable.

**Impression:**  
The findings suggest linear atelectasis in the left lung with associated airspace opacity and a left perihilar opacity. The enlarged cardiac silhouette may indicate cardiomegaly. The prominent pulmonary vasculature could suggest increased blood flow or congestion. Aortic calcification is noted, which is consistent with age-related changes. No acute processes such as pleural effusion or pneumothorax are evident. Further clinical correlation may be warranted based on the patient's symptoms and history."
